orig.ident	nCount_RNA	nFeature_RNA	cellid	case_num	Location	Condition	Cluster	Lineage	batch	rachel_subclass	rachel_class	rachel_family	nCounts_RNA	joinid	_scvi_batch	_scvi_labels	predicted_rachel_subclass	confidence	predicted_rachel_class	predicted_rachel_family
0	2421	487	ACTGTGAGTATGAGAT.1.H5263Cd	H5263Cd	Caudate	HD	Astro_4	Astrocyte	B3	Astrocyte	Astrocyte	Non-neuron	9064	0	7396	0	Astrocyte	0.596936269262736	Astrocyte	Non-neuron
0	125	93	TTGTGGAAGGACTTCT.1.H5608Cd	H5608Cd	Caudate	HD	Astro_2	Astrocyte	B3	Astrocyte	Astrocyte	Non-neuron	473	1	7396	0	Astrocyte	0.427623521513248	Astrocyte	Non-neuron
0	445	183	GCAGCTGCACGGATCC.1.5596Cd	C5596Cd	Caudate	Con	oligo_1	Oligodendrocyte	B2	Oligodendrocyte	Oligodendrocyte lineage	Non-neuron	1593	2	7395	0	Oligodendrocyte	0.771816589610011	Oligodendrocyte lineage	Non-neuron
0	6055	690	GTGAGCCAGGTACATA.1.C5227Cd	C5227Cd	Caudate	Con	GABA_DRD1_SLC22A9	Neuron	B3	GABAergic	GABAergic	GABAergic	20415	3	7396	0	L6 CT	0.496740483043958	deep layer non-IT	Glutamatergic
0	4736	608	GGGCCATCAGCGGTCT.1.C4812Cd	C4812Cd	Caudate	Con	GABA_DRD1_CHD7	Neuron	B3	GABAergic	GABAergic	GABAergic	14118	4	7396	0	L6 CT	0.439590388716422	deep layer non-IT	Glutamatergic
0	1014	322	TATTCCATCCGAGCTG.1.C4812Cd	C4812Cd	Caudate	Con	oligo_1	Oligodendrocyte	B3	Oligodendrocyte	Oligodendrocyte lineage	Non-neuron	3845	5	7396	0	Oligodendrocyte	0.976972255024529	Oligodendrocyte lineage	Non-neuron
0	2523	566	TCATGAGAGTCGAAGC.1.C5700Cd	C5700Cd	Caudate	Con	Astro_4	Astrocyte	B2	Astrocyte	Astrocyte	Non-neuron	10081	6	7395	0	Astrocyte	0.502777235532976	Astrocyte	Non-neuron
0	2495	530	CATCCACCACGCCAGT.1.H5493Cd	H5493Cd	Caudate	HD	N_inh8_D1	Neuron	B2	GABAergic	GABAergic	GABAergic	9670	7	7395	0	Oligodendrocyte	0.966169081652988	Oligodendrocyte lineage	Non-neuron
0	4362	594	GTAGGAGAGTCCCAAT.1.C4812Cd	C4812Cd	Caudate	Con	GABA_DRD1_CHD7	Neuron	B3	GABAergic	GABAergic	GABAergic	12523	8	7396	0	L6 CT	0.530994518465217	deep layer non-IT	Glutamatergic
0	235	111	CCTCACAAGAAGATCT.1.C5227Cd	C5227Cd	Caudate	Con	Glut_CUX2	Neuron	B3	L2/3-6 IT	L2/3-6 IT	Glutamatergic	614	9	7396	0	L2/3-6 IT	0.270434004698967	L2/3-6 IT	Glutamatergic
0	184	110	CTACCCAGTATCGTGT.1.H5263Cd	H5263Cd	Caudate	HD	Glut_CUX2	Neuron	B3	L2/3-6 IT	L2/3-6 IT	Glutamatergic	549	10	7396	0	L2/3-6 IT	0.361356873680649	L2/3-6 IT	Glutamatergic
0	4840	596	ACGTACATCCAAGCTA.1.C5832Cd	C5382Cd	Caudate	Con	GABA_DRD1_RPL10P9	Neuron	B3	GABAergic	GABAergic	GABAergic	14531	11	7396	0	L6 CT	0.507121410672232	deep layer non-IT	Glutamatergic
0	2006	519	GGCACGTAGGCGTTAG.1.C5227Cd	C5227Cd	Caudate	Con	Microglia_1	Microglia	B3	Microglia	Microglia	Non-neuron	7382	12	7396	0	Oligodendrocyte	0.48720874073108	Oligodendrocyte lineage	Non-neuron
0	5867	592	ATGGGTTTCTCATTTG.1.C4812Cd	C4812Cd	Caudate	Con	GABA_DRD1_CHD7	Neuron	B3	GABAergic	GABAergic	GABAergic	16652	13	7396	0	L6 CT	0.457223259192315	deep layer non-IT	Glutamatergic
0	180	119	AGCCAGCTCGATTTCT.1.H5608Cd	H5608Cd	Caudate	HD	Unclassified	Neuron	B3	unknown	unknown	unknown	595	14	7396	0	VLMC	0.346766430228868	Vascular	Non-neuron
0	1483	398	CTGTCGTCAGTAGAGC.1.C4812Cd	C4812Cd	Caudate	Con	Astro_4	Astrocyte	B3	Astrocyte	Astrocyte	Non-neuron	5339	15	7396	0	Astrocyte	0.686051672493969	Astrocyte	Non-neuron
0	791	303	CGCCATTTCGGTATGT.1.H5493Cd	H5493Cd	Caudate	HD	oligo_3	Oligodendrocyte	B2	Oligodendrocyte	Oligodendrocyte lineage	Non-neuron	3544	16	7395	0	Oligodendrocyte	0.726226611427433	Oligodendrocyte lineage	Non-neuron
0	1289	376	AACCCAAGTGACCTGC.1.5596Cd	C5596Cd	Caudate	Con	Microglia_1	Microglia	B2	Microglia	Microglia	Non-neuron	5962	17	7395	0	Microglia	0.400989666080028	Microglia	Non-neuron
0	393	184	ATTACCTGTATACGGG.1.H5608Cd	H5608Cd	Caudate	HD	Glut_CUX2	Neuron	B3	L2/3-6 IT	L2/3-6 IT	Glutamatergic	1161	18	7396	0	L2/3-6 IT	0.240125675467362	L2/3-6 IT	Glutamatergic
0	11607	863	ACCTGTCTCTGCCCTA.1.C4812Cd	C4812Cd	Caudate	Con	GABA_DRD1_CHD7	Neuron	B3	GABAergic	GABAergic	GABAergic	34768	19	7396	0	L6 CT	0.382071453347225	deep layer non-IT	Glutamatergic
0	15931	1087	TTCCACGGTTCAAAGA.1.C5832Cd	C5382Cd	Caudate	Con	N_inh1_D1	Neuron	B3	GABAergic	GABAergic	GABAergic	46395	20	7396	0	L5 ET	0.270037047183563	deep layer non-IT	Glutamatergic
0	141	94	TGAATGCGTGGAAGTC.1.H5263Cd	H5263Cd	Caudate	HD	Glut_EYA1	Neuron	B3	Glutamatergic	Glutamatergic	Glutamatergic	480	21	7396	0	VLMC	0.317650902349135	Vascular	Non-neuron
0	650	189	CCATAAGCATCCAATG.1.C5832Cd	C5382Cd	Caudate	Con	oligo_4	Oligodendrocyte	B3	Oligodendrocyte	Oligodendrocyte lineage	Non-neuron	2140	22	7396	0	Oligodendrocyte	0.673876958038824	Oligodendrocyte lineage	Non-neuron
0	112	89	TACTTCAAGGTCTTTG.1.H5608Cd	H5608Cd	Caudate	HD	oligo_10	Oligodendrocyte	B3	Oligodendrocyte	Oligodendrocyte lineage	Non-neuron	472	23	7396	0	Oligodendrocyte	0.404592445774894	Oligodendrocyte lineage	Non-neuron
0	16388	1072	TTGCCTGCAAATGAGT.1.C5227Cd	C5227Cd	Caudate	Con	GABA_DRD1_SLC22A9	Neuron	B3	GABAergic	GABAergic	GABAergic	55057	24	7396	0	L6 CT	0.414460710018123	deep layer non-IT	Glutamatergic
0	265	175	ATGGAGGCAACCGCTG.1.H4161Cd	H4161Cd	Caudate	HD	Ependymal_1	Ependymal	B3	Endothelial	Vascular	Non-neuron	963	25	7396	0	VLMC	0.47104764430619	Vascular	Non-neuron
0	18489	1034	TGCTCCATCCCGAACG.1.5596Cd	C5596Cd	Caudate	Con	GABA_DRD1_LRP4	Neuron	B2	GABAergic	GABAergic	GABAergic	58840	26	7395	0	L5 ET	0.280021711114152	deep layer non-IT	Glutamatergic
0	382	164	CAATCGATCAGGTGTT.1.H5109Cd	H5109Cd	Caudate	HD	Glut_CUX2	Neuron	B3	L2/3-6 IT	L2/3-6 IT	Glutamatergic	1129	27	7396	0	L2/3-6 IT	0.399724173843084	L2/3-6 IT	Glutamatergic
0	1020	254	ATACCGACACCCTGAG.1.H5493Cd	H5493Cd	Caudate	HD	oligo_2	Oligodendrocyte	B2	Oligodendrocyte	Oligodendrocyte lineage	Non-neuron	3949	28	7395	0	Oligodendrocyte	0.744218184305967	Oligodendrocyte lineage	Non-neuron
0	741	259	TTCAGGAAGGTAGTAT.1.C4812Cd	C4812Cd	Caudate	Con	oligo_1	Oligodendrocyte	B3	Oligodendrocyte	Oligodendrocyte lineage	Non-neuron	2864	29	7396	0	Oligodendrocyte	0.760621526317263	Oligodendrocyte lineage	Non-neuron
0	1186	315	TGTGTGAAGATCACCT.1.H5109Cd	H5109Cd	Caudate	HD	Astro_4	Astrocyte	B3	Astrocyte	Astrocyte	Non-neuron	4350	30	7396	0	Astrocyte	0.680462322481223	Astrocyte	Non-neuron
0	1167	320	GCGTTTCCAACGGTAG.1.C5227Cd	C5227Cd	Caudate	Con	oligo_4	Oligodendrocyte	B3	Oligodendrocyte	Oligodendrocyte lineage	Non-neuron	4200	31	7396	0	Oligodendrocyte	0.880758611330993	Oligodendrocyte lineage	Non-neuron
0	286	153	TCTGGCTTCTCTATAC.1.H5263Cd	H5263Cd	Caudate	HD	N_inh5_NPY	Neuron	B3	GABAergic	GABAergic	GABAergic	878	32	7396	0	LAMP5	0.345177633648673	CGE	GABAergic
0	13175	928	TAGGTTGTCTAGAGCT.1.C5832Cd	C5382Cd	Caudate	Con	GABA_DRD1_RPL10P9	Neuron	B3	GABAergic	GABAergic	GABAergic	39091	33	7396	0	L6b	0.235837887003076	deep layer non-IT	Glutamatergic
0	197	103	CTTCGGTGTATACCTG.1.H5263Cd	H5263Cd	Caudate	HD	Glut_SEMA3E	Neuron	B3	L5 ET	deep layer non-IT	Glutamatergic	563	34	7396	0	L2/3-6 IT	0.347568220275895	L2/3-6 IT	Glutamatergic
0	1269	309	AGACCATCAACTGCCG.1.C5832Cd	C5382Cd	Caudate	Con	oligo_4	Oligodendrocyte	B3	Oligodendrocyte	Oligodendrocyte lineage	Non-neuron	4508	35	7396	0	Oligodendrocyte	0.899589829580329	Oligodendrocyte lineage	Non-neuron
0	541	226	AGGTCATAGAGAGGGC.1.H5109Cd	H5109Cd	Caudate	HD	oligo_5	OPC	B3	OPC	Oligodendrocyte lineage	Non-neuron	1540	36	7396	0	OPC	0.661886647502571	Oligodendrocyte lineage	Non-neuron
0	11330	934	CTTAGGATCCAACCGG.1.C5832Cd	C5382Cd	Caudate	Con	GABA_DRD1_RPL10P9	Neuron	B3	GABAergic	GABAergic	GABAergic	36269	37	7396	0	VIP	0.21610618226357	CGE	GABAergic
0	374	158	GAAGTAACAACGATTC.1.H5608Cd	H5608Cd	Caudate	HD	Glut_THEMIS	Neuron	B3	L5 ET	deep layer non-IT	Glutamatergic	1075	38	7396	0	L2/3-6 IT	0.406338836670542	L2/3-6 IT	Glutamatergic
0	389	247	GGGAAGTAGCCGATTT.1.H5263Cd	H5263Cd	Caudate	HD	Astro_1	Astrocyte	B3	Astrocyte	Astrocyte	Non-neuron	1478	39	7396	0	Astrocyte	0.428722707921245	Astrocyte	Non-neuron
0	186	108	TCAGCAACAGCGAACA.1.C5227Cd	C5227Cd	Caudate	Con	N_inh4	Neuron	B3	GABAergic	GABAergic	GABAergic	536	40	7396	0	VLMC	0.256352332292162	Vascular	Non-neuron
0	416	178	AGCGTATTCTCGGTCT.1.H5608Cd	H5608Cd	Caudate	HD	Glut_THEMIS	Neuron	B3	L5 ET	deep layer non-IT	Glutamatergic	1206	41	7396	0	L2/3-6 IT	0.412141682355536	L2/3-6 IT	Glutamatergic
0	982	294	CACATGATCACTGATG.1.C5832Cd	C5382Cd	Caudate	Con	oligo_4	Oligodendrocyte	B3	Oligodendrocyte	Oligodendrocyte lineage	Non-neuron	3762	42	7396	0	Oligodendrocyte	0.943305714845281	Oligodendrocyte lineage	Non-neuron
0	7076	847	CTCACTGAGGTCCGAA.1.C4812Cd	C4812Cd	Caudate	Con	GABA_DRD1_CHD7	Neuron	B3	GABAergic	GABAergic	GABAergic	24625	43	7396	0	CGE	0.273301055694394	CGE	GABAergic
0	1885	477	GCGGAAATCTCGTTTA.1.H5493Cd	H5493Cd	Caudate	HD	oligo_5	OPC	B2	OPC	Oligodendrocyte lineage	Non-neuron	7324	44	7395	0	OPC	0.571342598720313	Oligodendrocyte lineage	Non-neuron
0	606	263	CTGTAGAGTTTCGTTT.1.C4812Cd	C4812Cd	Caudate	Con	oligo_1	Oligodendrocyte	B3	Oligodendrocyte	Oligodendrocyte lineage	Non-neuron	2363	45	7396	0	Oligodendrocyte	0.716890486033251	Oligodendrocyte lineage	Non-neuron
0	456	197	CTGTCGTAGCTAATCC.1.H5109Cd	H5109Cd	Caudate	HD	Microglia_1	Microglia	B3	Microglia	Microglia	Non-neuron	2226	46	7396	0	Microglia	0.505516069600797	Microglia	Non-neuron
0	1373	364	TGCCGAGCATGTCTAG.1.5596Cd	C5596Cd	Caudate	Con	oligo_1	Oligodendrocyte	B2	Oligodendrocyte	Oligodendrocyte lineage	Non-neuron	5317	47	7395	0	Oligodendrocyte	0.92691860583964	Oligodendrocyte lineage	Non-neuron
0	326	168	GTGCTTCCAGCTGTTA.1.H4161Cd	H4161Cd	Caudate	HD	Glut_EYA1	Neuron	B3	Glutamatergic	Glutamatergic	Glutamatergic	911	48	7396	0	VLMC	0.297968310860195	Vascular	Non-neuron
0	10977	927	CGTCAAAGTGCCTGCA.1.C5832Cd	C5382Cd	Caudate	Con	GABA_DRD1_RPL10P9	Neuron	B3	GABAergic	GABAergic	GABAergic	33849	49	7396	0	VIP	0.233278987864423	CGE	GABAergic
0	322	157	ATTCCTAAGTCCTACA.1.H4161Cd	H4161Cd	Caudate	HD	Glut_CUX2	Neuron	B3	L2/3-6 IT	L2/3-6 IT	Glutamatergic	954	50	7396	0	SST	0.225028359188643	MGE	GABAergic
0	12690	832	TAATTCCTCTGTCGCT.1.C5227Cd	C5227Cd	Caudate	Con	GABA_DRD1_SLC22A9	Neuron	B3	GABAergic	GABAergic	GABAergic	37345	51	7396	0	L6 CT	0.451928537364672	deep layer non-IT	Glutamatergic
0	204	104	GGTGTTATCGACGCTG.1.H5608Cd	H5608Cd	Caudate	HD	Glut_EYA1	Neuron	B3	Glutamatergic	Glutamatergic	Glutamatergic	622	52	7396	0	VLMC	0.299721269209938	Vascular	Non-neuron
0	850	277	GTATTGGTCCGTGTGG.1.H5263Cd	H5263Cd	Caudate	HD	Astro_4	Astrocyte	B3	Astrocyte	Astrocyte	Non-neuron	3149	53	7396	0	Astrocyte	0.613978225968912	Astrocyte	Non-neuron
0	190	124	AATGCCAAGCTGAAAT.1.H5263Cd	H5263Cd	Caudate	HD	N_inh4	Neuron	B3	GABAergic	GABAergic	GABAergic	613	54	7396	0	VLMC	0.393732854947437	Vascular	Non-neuron
0	990	328	GGGATGATCCTACTGC.1.H4161Cd	H4161Cd	Caudate	HD	Astro_4	Astrocyte	B3	Astrocyte	Astrocyte	Non-neuron	4034	55	7396	0	Astrocyte	0.406215840971158	Astrocyte	Non-neuron
0	544	209	TTCATGTCAATGTCTG.1.H5608Cd	H5608Cd	Caudate	HD	Glut_THEMIS	Neuron	B3	L5 ET	deep layer non-IT	Glutamatergic	1586	56	7396	0	L2/3-6 IT	0.400834525934928	L2/3-6 IT	Glutamatergic
0	10049	829	GATGTTGCACGCTGCA.1.C4812Cd	C4812Cd	Caudate	Con	GABA_DRD1_CHD7	Neuron	B3	GABAergic	GABAergic	GABAergic	31420	57	7396	0	L6 CT	0.497205935599802	deep layer non-IT	Glutamatergic
0	168	93	GCTGGGTGTAAGTTAG.1.H5263Cd	H5263Cd	Caudate	HD	N_inh5_NPY	Neuron	B3	GABAergic	GABAergic	GABAergic	517	58	7396	0	SNCG	0.240947388504915	CGE	GABAergic
0	2938	551	CACGAATAGGAAAGTG.1.H5109Cd	H5109Cd	Caudate	HD	Astro_1	Astrocyte	B3	Astrocyte	Astrocyte	Non-neuron	10152	59	7396	0	Astrocyte	0.639582980807893	Astrocyte	Non-neuron
0	1189	321	TACCCGTGTACGCGTC.1.H5493Cd	H5493Cd	Caudate	HD	oligo_2	Oligodendrocyte	B2	Oligodendrocyte	Oligodendrocyte lineage	Non-neuron	4767	60	7395	0	Oligodendrocyte	0.832339904531934	Oligodendrocyte lineage	Non-neuron
0	1199	329	ACATCGACAGCCATTA.1.C4812Cd	C4812Cd	Caudate	Con	Microglia_1	Microglia	B3	Microglia	Microglia	Non-neuron	5500	61	7396	0	Microglia	0.709312931664327	Microglia	Non-neuron
0	244	114	TCAGTGAAGCACAAAT.1.H5263Cd	H5263Cd	Caudate	HD	Endothelial	Endothelial	B3	Endothelial	Vascular	Non-neuron	788	62	7396	0	Oligodendrocyte	0.445306231948573	Oligodendrocyte lineage	Non-neuron
0	195	117	AGTCTCCTCAGTGGGA.1.H5263Cd	H5263Cd	Caudate	HD	N_inh4	Neuron	B3	GABAergic	GABAergic	GABAergic	646	63	7396	0	VLMC	0.273679439540145	Vascular	Non-neuron
0	3084	510	TCGAACACAGGGTCTC.1.C5227Cd	C5227Cd	Caudate	Con	GABA_DRD1_SLC22A9	Neuron	B3	GABAergic	GABAergic	GABAergic	9809	64	7396	0	L6 CT	0.332564664947971	deep layer non-IT	Glutamatergic
0	9606	914	TCGCTCAGTTTACACG.1.C5227Cd	C5227Cd	Caudate	Con	GABA_DRD1_KCNJ3	Neuron	B3	GABAergic	GABAergic	GABAergic	29964	65	7396	0	L6 CT	0.216572077936174	deep layer non-IT	Glutamatergic
0	804	299	TTTACCATCGGTCTGG.1.H5109Cd	H5109Cd	Caudate	HD	oligo_3	Oligodendrocyte	B3	Oligodendrocyte	Oligodendrocyte lineage	Non-neuron	3426	66	7396	0	Endothelial	0.585506990522625	Vascular	Non-neuron
0	4512	573	AAGCATCTCGATTTCT.1.H5109Cd	H5109Cd	Caudate	HD	Astro_1	Astrocyte	B3	Astrocyte	Astrocyte	Non-neuron	14716	67	7396	0	Astrocyte	0.64089170125879	Astrocyte	Non-neuron
0	1043	344	TTGTGTTAGGCTAACG.1.H5109Cd	H5109Cd	Caudate	HD	Microglia_1	Microglia	B3	Microglia	Microglia	Non-neuron	4673	68	7396	0	Microglia	0.824822997887535	Microglia	Non-neuron
0	2787	517	CGTTCTGTCTCATGGA.1.C5227Cd	C5227Cd	Caudate	Con	Astro_4	Astrocyte	B3	Astrocyte	Astrocyte	Non-neuron	9392	69	7396	0	Endothelial	0.389175723894403	Vascular	Non-neuron
0	304	141	AGTGTTGAGACATGCG.1.C5227Cd	C5227Cd	Caudate	Con	Unclassified	Neuron	B3	unknown	unknown	unknown	1010	70	7396	0	L2/3-6 IT	0.343651240246654	L2/3-6 IT	Glutamatergic
0	626	248	GCTACCTTCCAAGGGA.1.H5608Cd	H5608Cd	Caudate	HD	Glut_SEMA3E	Neuron	B3	L5 ET	deep layer non-IT	Glutamatergic	1976	71	7396	0	L6 CT	0.494463851703351	deep layer non-IT	Glutamatergic
0	1692	442	CTGAGGCTCTACGCAA.1.C4812Cd	C4812Cd	Caudate	Con	oligo_4	Oligodendrocyte	B3	Oligodendrocyte	Oligodendrocyte lineage	Non-neuron	6621	72	7396	0	Oligodendrocyte	0.86477417566617	Oligodendrocyte lineage	Non-neuron
0	793	247	AATGACCCAACAACAA.1.C5227Cd	C5227Cd	Caudate	Con	Microglia_1	Microglia	B3	Microglia	Microglia	Non-neuron	3865	73	7396	0	Microglia	0.736309752772347	Microglia	Non-neuron
0	438	166	CAGCCAGCAACAACAA.1.H4161Cd	H4161Cd	Caudate	HD	Glut_THEMIS	Neuron	B3	L5 ET	deep layer non-IT	Glutamatergic	1285	74	7396	0	L2/3-6 IT	0.393937376410209	L2/3-6 IT	Glutamatergic
0	1075	302	TGAGGTTTCATCCTGC.1.H5263Cd	H5263Cd	Caudate	HD	Astro_1	Astrocyte	B3	Astrocyte	Astrocyte	Non-neuron	3892	75	7396	0	Endothelial	0.512929367965411	Vascular	Non-neuron
0	15673	977	TCCTTCTGTTGGACCC.1.C5832Cd	C5382Cd	Caudate	Con	GABA_DRD1_RPL10P9	Neuron	B3	GABAergic	GABAergic	GABAergic	47732	76	7396	0	L5 ET	0.260191629894568	deep layer non-IT	Glutamatergic
0	634	226	TCACTCGTCGTCAGAT.1.H5493Cd	H5493Cd	Caudate	HD	oligo_2	Oligodendrocyte	B2	Oligodendrocyte	Oligodendrocyte lineage	Non-neuron	2383	77	7395	0	Oligodendrocyte	0.371761415091351	Oligodendrocyte lineage	Non-neuron
0	20377	1235	CTTCGGTTCGCTAAAC.1.C5832Cd	C5382Cd	Caudate	Con	GABA_DRD1_RPL10P9	Neuron	B3	GABAergic	GABAergic	GABAergic	63609	78	7396	0	CGE	0.205707305990316	CGE	GABAergic
0	237	124	CCACAAACACCTTCCA.1.H5608Cd	H5608Cd	Caudate	HD	Glut_EYA1	Neuron	B3	Glutamatergic	Glutamatergic	Glutamatergic	705	79	7396	0	VLMC	0.327433938523292	Vascular	Non-neuron
0	1091	277	CCTCTAGTCTGAATCG.1.H5109Cd	H5109Cd	Caudate	HD	oligo_2	Oligodendrocyte	B3	Oligodendrocyte	Oligodendrocyte lineage	Non-neuron	4063	80	7396	0	Oligodendrocyte	0.744563481610424	Oligodendrocyte lineage	Non-neuron
0	1385	315	ATACCGATCATCGCTC.1.H5109Cd	H5109Cd	Caudate	HD	GABA_SEMA5A	Neuron	B3	GABAergic	GABAergic	GABAergic	4319	81	7396	0	LAMP5	0.428249340545312	CGE	GABAergic
0	456	219	TATCAGGAGTGGAAAG.1.H5109Cd	H5109Cd	Caudate	HD	Endothelial	Endothelial	B3	Endothelial	Vascular	Non-neuron	1978	82	7396	0	Oligodendrocyte	0.456779785935022	Oligodendrocyte lineage	Non-neuron
0	1654	422	CACTGGGAGTCTAACC.1.C4812Cd	C4812Cd	Caudate	Con	oligo_5	OPC	B3	OPC	Oligodendrocyte lineage	Non-neuron	5742	83	7396	0	OPC	0.642615838588515	Oligodendrocyte lineage	Non-neuron
0	2758	557	TCCCACAGTCGTATTG.1.H5263Cd	H5263Cd	Caudate	HD	Astro_1	Astrocyte	B3	Astrocyte	Astrocyte	Non-neuron	10866	84	7396	0	Astrocyte	0.558585842089031	Astrocyte	Non-neuron
0	3458	499	TCCACCATCACCTTGC.1.H5263Cd	H5263Cd	Caudate	HD	Astro_1	Astrocyte	B3	Astrocyte	Astrocyte	Non-neuron	12406	85	7396	0	Astrocyte	0.539138808783739	Astrocyte	Non-neuron
0	720	273	AGCGCCAAGTTGGACG.1.H5493Cd	H5493Cd	Caudate	HD	Microglia_1	Microglia	B2	Microglia	Microglia	Non-neuron	3319	86	7395	0	Microglia	0.458745873668909	Microglia	Non-neuron
0	9794	854	TTTAGTCGTGGACAGT.1.C5832Cd	C5382Cd	Caudate	Con	GABA_DRD1_SLC22A9	Neuron	B3	GABAergic	GABAergic	GABAergic	31541	87	7396	0	L5 ET	0.421334836102258	deep layer non-IT	Glutamatergic
0	1047	311	AATGGAACAATGTGGG.1.H5608Cd	H5608Cd	Caudate	HD	oligo_3	Oligodendrocyte	B3	Oligodendrocyte	Oligodendrocyte lineage	Non-neuron	4317	88	7396	0	Oligodendrocyte	0.891586126414545	Oligodendrocyte lineage	Non-neuron
0	493	200	TGCAGATTCGATTTCT.1.H5263Cd	H5263Cd	Caudate	HD	Microglia_1	Microglia	B3	Microglia	Microglia	Non-neuron	2177	89	7396	0	Microglia	0.518667964278019	Microglia	Non-neuron
0	2875	624	GTTGAACGTCCACTCT.1.H5109Cd	H5109Cd	Caudate	HD	Astro_3	Astrocyte	B3	Astrocyte	Astrocyte	Non-neuron	10760	90	7396	0	VLMC	0.475971008848396	Vascular	Non-neuron
0	189	98	CTTCAATAGCGCATCC.1.C5227Cd	C5227Cd	Caudate	Con	Astro_2	Astrocyte	B3	Astrocyte	Astrocyte	Non-neuron	678	91	7396	0	Astrocyte	0.392329865658716	Astrocyte	Non-neuron
0	1212	367	TCGAAGTCAGCACAAG.1.C5227Cd	C5227Cd	Caudate	Con	oligo_1	Oligodendrocyte	B3	Oligodendrocyte	Oligodendrocyte lineage	Non-neuron	4724	92	7396	0	Oligodendrocyte	0.838004978550937	Oligodendrocyte lineage	Non-neuron
0	157	93	ATCGTCCCAATCAGCT.1.H5263Cd	H5263Cd	Caudate	HD	Glut_CUX2	Neuron	B3	L2/3-6 IT	L2/3-6 IT	Glutamatergic	499	93	7396	0	L5 ET	0.217673955755369	deep layer non-IT	Glutamatergic
0	4499	762	ACCAAACGTCGTACTA.1.H5575Cd	H5575Cd	Caudate	HD	GABA_TAC3	Neuron	B2	GABAergic	GABAergic	GABAergic	17783	94	7395	0	PVALB	0.478411381174877	MGE	GABAergic
0	932	284	GGGTCTGAGGGTATAT.1.H5493Cd	H5493Cd	Caudate	HD	oligo_2	Oligodendrocyte	B2	Oligodendrocyte	Oligodendrocyte lineage	Non-neuron	3379	95	7395	0	Oligodendrocyte	0.427616062151428	Oligodendrocyte lineage	Non-neuron
0	4404	568	ACAGCCGCATAATCGC.1.H5263Cd	H5263Cd	Caudate	HD	Astro_4	Astrocyte	B3	Astrocyte	Astrocyte	Non-neuron	15648	96	7396	0	Astrocyte	0.550321202954735	Astrocyte	Non-neuron
0	232	132	TAACGACCAGTTGAAA.1.H4161Cd	H4161Cd	Caudate	HD	Glut_EYA1	Neuron	B3	Glutamatergic	Glutamatergic	Glutamatergic	754	97	7396	0	VLMC	0.269738930167475	Vascular	Non-neuron
0	1030	327	GGTGGCTCACGGATCC.1.C4812Cd	C4812Cd	Caudate	Con	Microglia_1	Microglia	B3	Microglia	Microglia	Non-neuron	3832	98	7396	0	Microglia	0.48199227138772	Microglia	Non-neuron
0	199	110	CATTCTAGTCAACCAT.1.C5227Cd	C5227Cd	Caudate	Con	Glut_CUX2	Neuron	B3	L2/3-6 IT	L2/3-6 IT	Glutamatergic	540	99	7396	0	L2/3-6 IT	0.309297231092994	L2/3-6 IT	Glutamatergic
