orig.ident	nCount_RNA	nFeature_RNA	cell	cluster	sample	individual	region	age	sex	diagnosis	Capbatch	Seqbatch	post.mortem.interval..hours.	RNA.Integrity.Number	genes	UMIs	RNA.mitochondr..percent	RNA.ribosomal.percent	subclass	class	family	nCounts_RNA	joinid	batch	_scvi_batch	_scvi_labels	predicted_subclass	confidence	predicted_class	predicted_family
0	340	177	TGGCCAGTCAGGTAAA-1_5387_BA9	OPC	5387_BA9	5387	PFC	12	M	Control	CB6	SB2	13	7.6	845	1128	0.8865248	1.3297872	OPC	Oligodendrocyte lineage	Non-neuron	1128	0	5387_BA9	7399	0	OPC	0.981364793628387	Oligodendrocyte lineage	Non-neuron
0	348	187	CAAGGCCAGAATAGGG-1_4341_BA46	OPC	4341_BA46	4341	PFC	13	M	Control	CB6	SB2	16	7.2	871	1166	0.3430532	1.6295026	OPC	Oligodendrocyte lineage	Non-neuron	1166	1	4341_BA46	7395	0	OPC	0.978907468367442	Oligodendrocyte lineage	Non-neuron
0	319	162	AGGGAGTGTCCTCTTG-1_5978_BA9	OPC	5978_BA9	5978	PFC	11	M	ASD	CB7	SB2	21	6.5	715	1006	0.0994036	0.4970179	OPC	Oligodendrocyte lineage	Non-neuron	1006	2	5978_BA9	7413	0	OPC	0.948853587644922	Oligodendrocyte lineage	Non-neuron
0	915	322	GCTGCGACAGGCAGTA-1_5893_PFC	OPC	5893_PFC	5893	PFC	19	M	Control	CB2	SB1	11	8.0	1753	2819	0.1064207	0.9223129	OPC	Oligodendrocyte lineage	Non-neuron	2819	3	5893_PFC	7408	0	OPC	1.0	Oligodendrocyte lineage	Non-neuron
0	307	147	TACGGTAAGTACGTAA-1_5419_PFC	Oligodendrocytes	5419_PFC	5419	PFC	19	F	ASD	CB2	SB1	22	7.3	712	972	1.0288066	0.308642	Oligodendrocyte	Oligodendrocyte lineage	Non-neuron	972	4	5419_PFC	7400	0	Oligodendrocyte	0.877890204895313	Oligodendrocyte lineage	Non-neuron
0	645	182	CGTCAGGCATCCCATC-1_5936_PFC_Nova	Neu-mat	5936_PFC_Nova	5936	PFC	14	F	Control	CB1	SB1	23	8.0	977	1816	0.1101322	0.3303965	Glutamatergic	Glutamatergic	Glutamatergic	1816	5	5936_PFC_Nova	7409	0	OPC	0.28794984293056	Oligodendrocyte lineage	Non-neuron
0	545	180	TTCTACAGTTTGACAC-1_5893_PFC	Oligodendrocytes	5893_PFC	5893	PFC	19	M	Control	CB2	SB1	11	8.0	954	1526	0.7208388	0.5897772	Oligodendrocyte	Oligodendrocyte lineage	Non-neuron	1526	6	5893_PFC	7408	0	Oligodendrocyte	0.72098153204684	Oligodendrocyte lineage	Non-neuron
0	1460	384	GGCAATTTCTACCAGA-1_5939_BA9	IN-VIP	5939_BA9	5939	PFC	21	M	ASD	CB6	SB2	22	7.4	2330	4251	1.5760997	0.7527641	VIP	CGE	GABAergic	4251	7	5939_BA9	7410	0	VIP	0.455411597715822	CGE	GABAergic
0	1766	392	TCATTACGTACTCTCC-1_5939_BA9	L2/3	5939_BA9	5939	PFC	21	M	ASD	CB6	SB2	22	7.4	2366	5001	1.3597281	0.459908	L2/3-6 IT	L2/3-6 IT	Glutamatergic	5001	8	5939_BA9	7410	0	L5 ET	0.422300950819336	deep layer non-IT	Glutamatergic
0	444	159	CGTGTAAAGGGTTTCT-1_5419_PFC	Oligodendrocytes	5419_PFC	5419	PFC	19	F	ASD	CB2	SB1	22	7.3	891	1347	0.074239	1.55902	Oligodendrocyte	Oligodendrocyte lineage	Non-neuron	1347	9	5419_PFC	7400	0	Oligodendrocyte	0.826918077379081	Oligodendrocyte lineage	Non-neuron
0	633	272	CAGCTAACAATGTAAG-1_5387_BA9	OPC	5387_BA9	5387	PFC	12	M	Control	CB6	SB2	13	7.6	1268	1929	0.7257646	0.5184033	OPC	Oligodendrocyte lineage	Non-neuron	1929	10	5387_BA9	7399	0	OPC	1.0	Oligodendrocyte lineage	Non-neuron
0	147	108	TCTGAGAGTGACCAAG-1_5841_BA9	Neu-NRGN-II	5841_BA9	5841	PFC	12	M	ASD	CB6	SB2	15	8.4	536	620	2.5806452	0.6451613	Glutamatergic	Glutamatergic	Glutamatergic	620	11	5841_BA9	7405	0	Astrocyte	0.564679091918234	Astrocyte	Non-neuron
0	789	277	ACTGATGAGAAGGCCT-1_5936_PFC_Nova	AST-PP	5936_PFC_Nova	5936	PFC	14	F	Control	CB1	SB1	23	8.0	1537	2494	0.1202887	1.2028869	Astrocyte	Astrocyte	Non-neuron	2494	12	5936_PFC_Nova	7409	0	Astrocyte	0.789416379790904	Astrocyte	Non-neuron
0	265	170	GTTCGGGTCGGCTTGG-1_5387_BA9	Neu-mat	5387_BA9	5387	PFC	12	M	Control	CB6	SB2	13	7.6	701	853	2.2274326	0.3516999	Glutamatergic	Glutamatergic	Glutamatergic	853	13	5387_BA9	7399	0	Microglia	0.263310543687982	Microglia	Non-neuron
0	372	189	CGATGGCTCAGTTTGG-1_5939_BA9	AST-PP	5939_BA9	5939	PFC	21	M	ASD	CB6	SB2	22	7.4	804	1125	1.6888889	0.2666667	Astrocyte	Astrocyte	Non-neuron	1125	14	5939_BA9	7410	0	Astrocyte	0.842931227659352	Astrocyte	Non-neuron
0	1561	476	CGAGCCAGTTCCCGAG-1_5939_BA9	L4	5939_BA9	5939	PFC	21	M	ASD	CB6	SB2	22	7.4	2740	5088	2.240566	0.5896226	L2/3-6 IT	L2/3-6 IT	Glutamatergic	5088	15	5939_BA9	7410	0	L2/3-6 IT	0.453286359726447	L2/3-6 IT	Glutamatergic
0	292	133	TACGGTAGTGTGACCC-1_5939_BA9	AST-PP	5939_BA9	5939	PFC	21	M	ASD	CB6	SB2	22	7.4	641	896	2.2321429	0.1116071	Astrocyte	Astrocyte	Non-neuron	896	16	5939_BA9	7410	0	Astrocyte	0.799648992711434	Astrocyte	Non-neuron
0	603	246	TGACTAGGTAACGCGA-1_4341_BA46	Neu-mat	4341_BA46	4341	PFC	13	M	Control	CB6	SB2	16	7.2	1221	1746	0.6300115	2.0045819	Glutamatergic	Glutamatergic	Glutamatergic	1746	17	4341_BA46	7395	0	L2/3-6 IT	0.502536729715103	L2/3-6 IT	Glutamatergic
0	358	135	TAAGCGTCACAACGCC-1_5958_BA9	AST-FB	5958_BA9	5958	PFC	22	M	Control	CB7	SB2	24	7.6	637	971	0.1029866	1.6477858	Astrocyte	Astrocyte	Non-neuron	971	18	5958_BA9	7412	0	Astrocyte	0.626659182318179	Astrocyte	Non-neuron
0	467	225	GACTGCGAGGGCTTCC-1_5939_BA9	IN-SST	5939_BA9	5939	PFC	21	M	ASD	CB6	SB2	22	7.4	1030	1450	3.2413793	0.2758621	SST	MGE	GABAergic	1450	19	5939_BA9	7410	0	SST	0.465346455185294	MGE	GABAergic
0	2691	565	GGAATAACACACCGCA-1_5841_BA9	L2/3	5841_BA9	5841	PFC	12	M	ASD	CB6	SB2	15	8.4	3529	7815	0.5502239	0.7933461	L2/3-6 IT	L2/3-6 IT	Glutamatergic	7815	20	5841_BA9	7405	0	L5 ET	0.452798834102141	deep layer non-IT	Glutamatergic
0	259	136	TGCTGCTTCTCGCTTG-1_5893_PFC	Neu-mat	5893_PFC	5893	PFC	19	M	Control	CB2	SB1	11	8.0	590	756	0.5291005	0.9259259	Glutamatergic	Glutamatergic	Glutamatergic	756	21	5893_PFC	7408	0	OPC	0.484999997491324	Oligodendrocyte lineage	Non-neuron
0	5947	762	TAGTGGTTCGCAAGCC-1_5278_PFC	L2/3	5278_PFC	5278	PFC	15	F	ASD	CB1	SB1	13	9.0	5030	15541	0.1801686	0.4568561	L2/3-6 IT	L2/3-6 IT	Glutamatergic	15540	22	5278_PFC	7397	0	L5 ET	0.360479234229097	deep layer non-IT	Glutamatergic
0	3991	818	GACGTGCAGCGTAATA-1_5538_PFC_Nova	L4	5538_PFC_Nova	5538	PFC	19	F	Control	CB2	SB1	24	8.3	5319	12091	0.107518	1.3646514	L2/3-6 IT	L2/3-6 IT	Glutamatergic	12091	23	5538_PFC_Nova	7402	0	L2/3-6 IT	0.38738539814692	L2/3-6 IT	Glutamatergic
0	241	109	CTAGTGAAGACCGGAT-1_5419_PFC	Oligodendrocytes	5419_PFC	5419	PFC	19	F	ASD	CB2	SB1	22	7.3	574	797	0.250941	0.7528231	Oligodendrocyte	Oligodendrocyte lineage	Non-neuron	797	24	5419_PFC	7400	0	Oligodendrocyte	0.740899520196002	Oligodendrocyte lineage	Non-neuron
0	157	97	GCATACACATAGTAAG-1_5978_BA9	Neu-NRGN-II	5978_BA9	5978	PFC	11	M	ASD	CB7	SB2	21	6.5	532	675	4.1481481	0.1481481	Glutamatergic	Glutamatergic	Glutamatergic	675	25	5978_BA9	7413	0	VLMC	0.316245545029115	Vascular	Non-neuron
0	281	167	AGCGTCGCAGTACACT-1_5841_BA9	AST-FB	5841_BA9	5841	PFC	12	M	ASD	CB6	SB2	15	8.4	736	912	0.877193	2.3026316	Astrocyte	Astrocyte	Non-neuron	912	26	5841_BA9	7405	0	Astrocyte	0.804366062216139	Astrocyte	Non-neuron
0	4936	770	CTTAACTCACCAGCAC-1_5879_PFC_Nova	IN-SST	5879_PFC_Nova	5879	PFC	15	M	Control	CB1	SB1	18	7.5	5026	13492	0.3854136	0.8227098	SST	MGE	GABAergic	13491	27	5879_PFC_Nova	7407	0	PVALB	0.447397088145553	MGE	GABAergic
0	346	155	GAAGCAGTCGCGTAGC-1_5419_PFC	Oligodendrocytes	5419_PFC	5419	PFC	19	F	ASD	CB2	SB1	22	7.3	781	1131	0.4420866	0.1768347	Oligodendrocyte	Oligodendrocyte lineage	Non-neuron	1131	28	5419_PFC	7400	0	Oligodendrocyte	0.76967417057947	Oligodendrocyte lineage	Non-neuron
0	772	287	GCACTCTCACTATCTT-1_5565_BA9	OPC	5565_BA9	5565	PFC	12	M	ASD	CB7	SB2	22	6.9	1380	2277	0.0878349	0.4830918	OPC	Oligodendrocyte lineage	Non-neuron	2277	29	5565_BA9	7403	0	OPC	0.97810295368274	Oligodendrocyte lineage	Non-neuron
0	5846	739	GTCAAGTGTTCATGGT-1_5531_BA9	L5/6-CC	5531_BA9	5531	PFC	15	M	ASD	CB6	SB2	32	8.5	4988	15948	0.4514673	0.5079007	L2/3-6 IT	L2/3-6 IT	Glutamatergic	15946	30	5531_BA9	7401	0	L5 ET	0.512042908087531	deep layer non-IT	Glutamatergic
0	1441	358	TTAGTTCGTTATCACG-1_5531_BA9	IN-VIP	5531_BA9	5531	PFC	15	M	ASD	CB6	SB2	32	8.5	1960	3696	1.1904762	0.784632	VIP	CGE	GABAergic	3696	31	5531_BA9	7401	0	VIP	0.361500341440977	CGE	GABAergic
0	711	239	CTCACACCAATGGATA-1_5144_PFC	OPC	5144_PFC	5144	PFC	7	M	ASD	CB1	SB1	3	8.0	1188	2057	0.1458435	0.6319883	OPC	Oligodendrocyte lineage	Non-neuron	2057	32	5144_PFC	7396	0	OPC	0.981045285651782	Oligodendrocyte lineage	Non-neuron
0	787	289	TGCGTGGCATTTCACT-1_5958_BA9	OPC	5958_BA9	5958	PFC	22	M	Control	CB7	SB2	24	7.6	1529	2631	0.0	0.4561003	OPC	Oligodendrocyte lineage	Non-neuron	2631	33	5958_BA9	7412	0	OPC	0.97677569832844	Oligodendrocyte lineage	Non-neuron
0	7353	1035	GACGTGCGTCTAAACC-1_5841_BA9	L2/3	5841_BA9	5841	PFC	12	M	ASD	CB6	SB2	15	8.4	6924	21366	0.1497707	0.9033043	L2/3-6 IT	L2/3-6 IT	Glutamatergic	21364	34	5841_BA9	7405	0	VIP	0.194142285859941	CGE	GABAergic
0	8362	1024	AACCGCGAGTGCCATT-1_5841_BA9	IN-SST	5841_BA9	5841	PFC	12	M	ASD	CB6	SB2	15	8.4	7267	24229	1.2134219	0.6851294	SST	MGE	GABAergic	24228	35	5841_BA9	7405	0	SST	0.268502189677762	MGE	GABAergic
0	186	125	TCAGGTAAGACAAGCC-1_5565_BA9	Neu-NRGN-II	5565_BA9	5565	PFC	12	M	ASD	CB7	SB2	22	6.9	625	775	3.8709677	0.7741935	Glutamatergic	Glutamatergic	Glutamatergic	775	36	5565_BA9	7403	0	VLMC	0.344259173231417	Vascular	Non-neuron
0	3438	684	CGTCTACTCGTACCGG-1_5958_BA9	L4	5958_BA9	5958	PFC	22	M	Control	CB7	SB2	24	7.6	4454	10795	0.3149606	0.4631774	L2/3-6 IT	L2/3-6 IT	Glutamatergic	10795	37	5958_BA9	7412	0	L6b	0.315973048002473	deep layer non-IT	Glutamatergic
0	2682	515	CAGTCCTCAGACGCAA-1_5939_BA9	L2/3	5939_BA9	5939	PFC	21	M	ASD	CB6	SB2	22	7.4	3232	7601	1.2366794	0.2236548	L2/3-6 IT	L2/3-6 IT	Glutamatergic	7601	38	5939_BA9	7410	0	L5 ET	0.453672015692552	deep layer non-IT	Glutamatergic
0	3863	798	GTCTCGTAGTATTGGA-1_5879_PFC_Nova	L2/3	5879_PFC_Nova	5879	PFC	15	M	Control	CB1	SB1	18	7.5	5178	12249	0.2040983	0.4490162	L2/3-6 IT	L2/3-6 IT	Glutamatergic	12249	39	5879_PFC_Nova	7407	0	L6b	0.316379798975505	deep layer non-IT	Glutamatergic
0	10975	1046	CTCATTACACCAGGTC-1_5841_BA9	L2/3	5841_BA9	5841	PFC	12	M	ASD	CB6	SB2	15	8.4	7386	29425	0.2548853	0.3670348	L2/3-6 IT	L2/3-6 IT	Glutamatergic	29425	40	5841_BA9	7405	0	L5 ET	0.302591681800633	deep layer non-IT	Glutamatergic
0	648	226	GGACAAGGTGTTAAGA-1_5538_PFC_Nova	Oligodendrocytes	5538_PFC_Nova	5538	PFC	19	F	Control	CB2	SB1	24	8.3	1262	2004	0.3992016	1.3473054	Oligodendrocyte	Oligodendrocyte lineage	Non-neuron	2004	41	5538_PFC_Nova	7402	0	Oligodendrocyte	0.849872558784975	Oligodendrocyte lineage	Non-neuron
0	176	125	AGCTTGAGTTCACGGC-1_5958_BA9	Neu-NRGN-II	5958_BA9	5958	PFC	22	M	Control	CB7	SB2	24	7.6	661	783	1.9157088	1.1494253	Glutamatergic	Glutamatergic	Glutamatergic	783	42	5958_BA9	7412	0	VLMC	0.387631021511897	Vascular	Non-neuron
0	2412	468	CTAACTTAGCGTTCCG-1_5278_PFC	L4	5278_PFC	5278	PFC	15	F	ASD	CB1	SB1	13	9.0	2907	6413	0.1091533	0.7484797	L2/3-6 IT	L2/3-6 IT	Glutamatergic	6413	43	5278_PFC	7397	0	L2/3-6 IT	0.3654808205683	L2/3-6 IT	Glutamatergic
0	278	143	CCCTCCTTCGCGGATC-1_5577_BA9	Microglia	5577_BA9	5577	PFC	21	M	Control	CB6	SB2	19	8.6	833	1092	0.3663004	0.9157509	Microglia	Microglia	Non-neuron	1092	44	5577_BA9	7404	0	Microglia	0.834305605658582	Microglia	Non-neuron
0	229	129	CGTCAGGGTGGCTCCA-1_5841_BA9	Neu-mat	5841_BA9	5841	PFC	12	M	ASD	CB6	SB2	15	8.4	582	732	0.6830601	0.6830601	Glutamatergic	Glutamatergic	Glutamatergic	732	45	5841_BA9	7405	0	Astrocyte	0.563337345925192	Astrocyte	Non-neuron
0	181	118	CACAGTACAGGTCTCG-1_5387_BA9	Neu-NRGN-II	5387_BA9	5387	PFC	12	M	Control	CB6	SB2	13	7.6	574	693	0.8658009	3.3189033	Glutamatergic	Glutamatergic	Glutamatergic	693	46	5387_BA9	7399	0	OPC	0.417567359531865	Oligodendrocyte lineage	Non-neuron
0	2030	495	GGAATAAAGACGACGT-1_5144_PFC	IN-SV2C	5144_PFC	5144	PFC	7	M	ASD	CB1	SB1	3	8.0	2971	5976	1.4056225	0.8534137	LAMP5	CGE	GABAergic	5976	47	5144_PFC	7396	0	LAMP5	0.464049145609333	CGE	GABAergic
0	1051	325	CTTAGGACACGGCGTT-1_5144_PFC	IN-VIP	5144_PFC	5144	PFC	7	M	ASD	CB1	SB1	3	8.0	1647	2811	1.9210245	1.1383849	VIP	CGE	GABAergic	2811	48	5144_PFC	7396	0	VIP	0.280263281811561	CGE	GABAergic
0	822	299	CCACTACGTTAGTGGG-1_5577_BA9	OPC	5577_BA9	5577	PFC	21	M	Control	CB6	SB2	19	8.6	1601	2609	0.1533154	0.8049061	OPC	Oligodendrocyte lineage	Non-neuron	2609	49	5577_BA9	7404	0	OPC	1.0	Oligodendrocyte lineage	Non-neuron
0	278	168	GACAGAGCAAAGAATC-1_5565_BA9	AST-FB	5565_BA9	5565	PFC	12	M	ASD	CB7	SB2	22	6.9	793	998	0.4008016	0.501002	Astrocyte	Astrocyte	Non-neuron	998	50	5565_BA9	7403	0	Astrocyte	0.843272594310675	Astrocyte	Non-neuron
0	269	158	ACACCAAGTTCCTCCA-1_5936_PFC_Nova	Neu-NRGN-I	5936_PFC_Nova	5936	PFC	14	F	Control	CB1	SB1	23	8.0	832	1148	1.2195122	1.1324042	Glutamatergic	Glutamatergic	Glutamatergic	1148	51	5936_PFC_Nova	7409	0	Astrocyte	0.553473063513566	Astrocyte	Non-neuron
0	3663	767	ACGGCCAGTGTTGAGG-1_5538_PFC_Nova	L4	5538_PFC_Nova	5538	PFC	19	F	Control	CB2	SB1	24	8.3	4613	10477	0.1527155	2.3480004	L2/3-6 IT	L2/3-6 IT	Glutamatergic	10477	52	5538_PFC_Nova	7402	0	L2/3-6 IT	0.422210238458625	L2/3-6 IT	Glutamatergic
0	258	116	GTGTGCGAGCTAGTGG-1_5958_BA9	AST-FB	5958_BA9	5958	PFC	22	M	Control	CB7	SB2	24	7.6	609	857	0.1166861	2.2170362	Astrocyte	Astrocyte	Non-neuron	857	53	5958_BA9	7412	0	Astrocyte	0.609444134731938	Astrocyte	Non-neuron
0	2623	587	GGGTTGCGTGCCTGGT-1_5278_PFC	L2/3	5278_PFC	5278	PFC	15	F	ASD	CB1	SB1	13	9.0	3775	8016	0.3742515	0.4740519	L2/3-6 IT	L2/3-6 IT	Glutamatergic	8016	54	5278_PFC	7397	0	L5 ET	0.469604262489995	deep layer non-IT	Glutamatergic
0	500	243	GGGACCTCAAAGCGGT-1_5538_PFC_Nova	OPC	5538_PFC_Nova	5538	PFC	19	F	Control	CB2	SB1	24	8.3	1144	1642	0.2436054	1.7052375	OPC	Oligodendrocyte lineage	Non-neuron	1642	55	5538_PFC_Nova	7402	0	OPC	0.823094892522331	Oligodendrocyte lineage	Non-neuron
0	244	146	TGAGGGATCTGTGCAA-1_5387_BA9	Neu-NRGN-II	5387_BA9	5387	PFC	12	M	Control	CB6	SB2	13	7.6	749	939	2.6624068	2.2364217	Glutamatergic	Glutamatergic	Glutamatergic	939	56	5387_BA9	7399	0	OPC	0.450622531999167	Oligodendrocyte lineage	Non-neuron
0	463	187	CTGGTCTAGAACAATC-1_5841_BA9	AST-FB	5841_BA9	5841	PFC	12	M	ASD	CB6	SB2	15	8.4	914	1342	0.2980626	0.7451565	Astrocyte	Astrocyte	Non-neuron	1342	57	5841_BA9	7405	0	Astrocyte	0.681322567799717	Astrocyte	Non-neuron
0	955	339	CTACACCGTAGCCTAT-1_5538_PFC_Nova	OPC	5538_PFC_Nova	5538	PFC	19	F	Control	CB2	SB1	24	8.3	1726	2919	0.4796163	0.5823912	OPC	Oligodendrocyte lineage	Non-neuron	2919	58	5538_PFC_Nova	7402	0	OPC	1.0	Oligodendrocyte lineage	Non-neuron
0	5644	754	CCTATTAAGCACACAG-1_5864_BA9	L5/6-CC	5864_BA9	5864	PFC	20	M	ASD	CB7	SB2	42	7.7	5440	17071	0.6150782	0.4510573	L2/3-6 IT	L2/3-6 IT	Glutamatergic	17071	59	5864_BA9	7406	0	L5 ET	0.438096493818536	deep layer non-IT	Glutamatergic
0	247	138	TAGTTGGAGGCGATAC-1_5419_PFC	OPC	5419_PFC	5419	PFC	19	F	ASD	CB2	SB1	22	7.3	707	904	0.1106195	0.5530973	OPC	Oligodendrocyte lineage	Non-neuron	904	60	5419_PFC	7400	0	OPC	1.0	Oligodendrocyte lineage	Non-neuron
0	722	273	GAAGCAGGTCTCAACA-1_4341_BA46	OPC	4341_BA46	4341	PFC	13	M	Control	CB6	SB2	16	7.2	1240	2004	0.3493014	0.3493014	OPC	Oligodendrocyte lineage	Non-neuron	2004	61	4341_BA46	7395	0	OPC	0.977509307625758	Oligodendrocyte lineage	Non-neuron
0	4281	698	ACTTACTTCGCGTAGC-1_5538_PFC_Nova	L2/3	5538_PFC_Nova	5538	PFC	19	F	Control	CB2	SB1	24	8.3	4543	11423	0.1925939	0.8141469	L2/3-6 IT	L2/3-6 IT	Glutamatergic	11423	62	5538_PFC_Nova	7402	0	L5 ET	0.589638079013856	deep layer non-IT	Glutamatergic
0	3959	696	GCGCCAACACAGATTC-1_5387_BA9	L4	5387_BA9	5387	PFC	12	M	Control	CB6	SB2	13	7.6	4490	11445	0.3931848	0.873744	L2/3-6 IT	L2/3-6 IT	Glutamatergic	11445	63	5387_BA9	7399	0	L2/3-6 IT	0.381133990984895	L2/3-6 IT	Glutamatergic
0	275	143	GCCAAATTCCTCCTAG-1_5936_PFC_Nova	Oligodendrocytes	5936_PFC_Nova	5936	PFC	14	F	Control	CB1	SB1	23	8.0	644	833	0.120048	1.2004802	Oligodendrocyte	Oligodendrocyte lineage	Non-neuron	833	64	5936_PFC_Nova	7409	0	Oligodendrocyte	0.564907553994034	Oligodendrocyte lineage	Non-neuron
0	3587	683	CTCGTCAAGCCTATGT-1_4341_BA46	L2/3	4341_BA46	4341	PFC	13	M	Control	CB6	SB2	16	7.2	4514	10664	2.016129	1.5003751	L2/3-6 IT	L2/3-6 IT	Glutamatergic	10664	65	4341_BA46	7395	0	L2/3-6 IT	0.409177523064933	L2/3-6 IT	Glutamatergic
0	1528	425	TGGTTCCCACCAGATT-1_4341_BA46	IN-VIP	4341_BA46	4341	PFC	13	M	Control	CB6	SB2	16	7.2	2421	4427	0.7680145	0.4969505	VIP	CGE	GABAergic	4427	66	4341_BA46	7395	0	VIP	0.426670188538832	CGE	GABAergic
0	234	98	CGAATGTTCTACCAGA-1_5538_PFC_Nova	Microglia	5538_PFC_Nova	5538	PFC	19	F	Control	CB2	SB1	24	8.3	540	748	1.0695187	1.0695187	Microglia	Microglia	Non-neuron	748	67	5538_PFC_Nova	7402	0	Microglia	0.708098099407725	Microglia	Non-neuron
0	599	256	GTATCTTAGAGACTAT-1_5294_BA9	Endothelial	5294_BA9	5294	PFC	19	M	ASD	CB6	SB2	16	8.3	1064	1642	1.1571255	4.5066991	Endothelial	Vascular	Non-neuron	1642	68	5294_BA9	7398	0	Endothelial	0.497256638700769	Vascular	Non-neuron
0	220	133	CGCTGGACACCAGATT-1_5387_BA9	AST-FB	5387_BA9	5387	PFC	12	M	Control	CB6	SB2	13	7.6	623	763	0.7863696	0.1310616	Astrocyte	Astrocyte	Non-neuron	763	69	5387_BA9	7399	0	Astrocyte	0.649886333891995	Astrocyte	Non-neuron
0	8842	1007	TACCTTAAGGATGCGT-1_5387_BA9	L5/6-CC	5387_BA9	5387	PFC	12	M	Control	CB6	SB2	13	7.6	6958	25337	0.5288708	0.5920196	L2/3-6 IT	L2/3-6 IT	Glutamatergic	25337	70	5387_BA9	7399	0	L5 ET	0.276616177362673	deep layer non-IT	Glutamatergic
0	168	111	GAACCTAAGAGCTTCT-1_5893_PFC	Neu-NRGN-II	5893_PFC	5893	PFC	19	M	Control	CB2	SB1	11	8.0	535	659	1.3657056	1.3657056	Glutamatergic	Glutamatergic	Glutamatergic	659	71	5893_PFC	7408	0	Astrocyte	0.539392608722548	Astrocyte	Non-neuron
0	11537	1083	ATGGGAGGTACCGGCT-1_5387_BA9	L5/6-CC	5387_BA9	5387	PFC	12	M	Control	CB6	SB2	13	7.6	7574	31516	2.2115751	0.5552735	L2/3-6 IT	L2/3-6 IT	Glutamatergic	31516	72	5387_BA9	7399	0	L6b	0.335301367990331	deep layer non-IT	Glutamatergic
0	447	200	CTACATTGTTCACGGC-1_4341_BA46	Oligodendrocytes	4341_BA46	4341	PFC	13	M	Control	CB6	SB2	16	7.2	945	1351	0.2220577	0.296077	Oligodendrocyte	Oligodendrocyte lineage	Non-neuron	1351	73	4341_BA46	7395	0	Microglia	0.589949308445731	Microglia	Non-neuron
0	505	187	AACTCTTAGCATGGCA-1_5879_PFC_Nova	Oligodendrocytes	5879_PFC_Nova	5879	PFC	15	M	Control	CB1	SB1	18	7.5	1119	1735	0.1152738	0.5763689	Oligodendrocyte	Oligodendrocyte lineage	Non-neuron	1735	74	5879_PFC_Nova	7407	0	Oligodendrocyte	0.825929801450027	Oligodendrocyte lineage	Non-neuron
0	3594	627	CCAGCGACATCTCGCT-1_4341_BA46	IN-PV	4341_BA46	4341	PFC	13	M	Control	CB6	SB2	16	7.2	3958	9440	1.0063559	0.5932203	PVALB	MGE	GABAergic	9440	75	4341_BA46	7395	0	Chandelier	0.455459819363102	MGE	GABAergic
0	2611	563	CAAGAAACACACTGCG-1_5841_BA9	L4	5841_BA9	5841	PFC	12	M	ASD	CB6	SB2	15	8.4	3580	7785	0.2697495	0.719332	L2/3-6 IT	L2/3-6 IT	Glutamatergic	7785	76	5841_BA9	7405	0	L2/3-6 IT	0.468105940022885	L2/3-6 IT	Glutamatergic
0	259	158	AACCATGGTGGTCTCG-1_5841_BA9	Neu-mat	5841_BA9	5841	PFC	12	M	ASD	CB6	SB2	15	8.4	617	751	0.7989348	1.5978695	Glutamatergic	Glutamatergic	Glutamatergic	751	77	5841_BA9	7405	0	SST	0.300615572849968	MGE	GABAergic
0	368	223	TCAGATGAGATGGCGT-1_5841_BA9	Endothelial	5841_BA9	5841	PFC	12	M	ASD	CB6	SB2	15	8.4	943	1199	3.8365304	1.9182652	Endothelial	Vascular	Non-neuron	1199	78	5841_BA9	7405	0	Endothelial	0.522903129271841	Vascular	Non-neuron
0	603	228	TTGAACGCAAGAAGAG-1_5945_PFC	IN-VIP	5945_PFC	5945	PFC	20	M	ASD	CB2	SB1	24	7.4	1144	1802	0.1664817	0.3884573	VIP	CGE	GABAergic	1802	79	5945_PFC	7411	0	VIP	0.406544367289728	CGE	GABAergic
0	196	108	ACTGAACCACAGCCCA-1_5978_BA9	Oligodendrocytes	5978_BA9	5978	PFC	11	M	ASD	CB7	SB2	21	6.5	535	708	0.0	0.1412429	Oligodendrocyte	Oligodendrocyte lineage	Non-neuron	707	80	5978_BA9	7413	0	Oligodendrocyte	0.645672716097621	Oligodendrocyte lineage	Non-neuron
0	2395	553	ACTGATGAGTATTGGA-1_4341_BA46	L2/3	4341_BA46	4341	PFC	13	M	Control	CB6	SB2	16	7.2	3470	7209	0.2496879	0.554862	L2/3-6 IT	L2/3-6 IT	Glutamatergic	7209	81	4341_BA46	7395	0	L2/3-6 IT	0.474579770860358	L2/3-6 IT	Glutamatergic
0	1450	399	AGAGCTTCACCCATTC-1_5945_PFC	OPC	5945_PFC	5945	PFC	20	M	ASD	CB2	SB1	24	7.4	2262	4137	0.4350979	0.9427121	OPC	Oligodendrocyte lineage	Non-neuron	4137	82	5945_PFC	7411	0	OPC	0.379131457049878	Oligodendrocyte lineage	Non-neuron
0	1213	328	ATCACGAAGGTGCTAG-1_5144_PFC	IN-VIP	5144_PFC	5144	PFC	7	M	ASD	CB1	SB1	3	8.0	1626	2941	0.5440326	0.5780347	VIP	CGE	GABAergic	2941	83	5144_PFC	7396	0	CGE	0.47058699265848	CGE	GABAergic
0	382	209	GTTTCTACAGAGCCAA-1_5565_BA9	Neu-NRGN-I	5565_BA9	5565	PFC	12	M	ASD	CB7	SB2	22	6.9	1114	1622	1.972873	0.6165228	Glutamatergic	Glutamatergic	Glutamatergic	1622	84	5565_BA9	7403	0	Astrocyte	0.350987769488045	Astrocyte	Non-neuron
0	10654	1098	ACGGAGATCGTTTAGG-1_5387_BA9	L2/3	5387_BA9	5387	PFC	12	M	Control	CB6	SB2	13	7.6	7573	29780	0.4499664	0.3626595	L2/3-6 IT	L2/3-6 IT	Glutamatergic	29780	85	5387_BA9	7399	0	L5 ET	0.44671994196001	deep layer non-IT	Glutamatergic
0	2245	421	TACTCGCAGCATCATC-1_5939_BA9	IN-SST	5939_BA9	5939	PFC	21	M	ASD	CB6	SB2	22	7.4	2504	5753	2.2770728	0.3824092	SST	MGE	GABAergic	5753	86	5939_BA9	7410	0	SST	0.215071217781137	MGE	GABAergic
0	201	94	CGATGTATCGAGAGCA-1_5893_PFC	Microglia	5893_PFC	5893	PFC	19	M	Control	CB2	SB1	11	8.0	558	765	0.6535948	0.3921569	Microglia	Microglia	Non-neuron	765	87	5893_PFC	7408	0	Microglia	0.764975036916134	Microglia	Non-neuron
0	1502	487	ACACTGATCCAAGCCG-1_5841_BA9	L4	5841_BA9	5841	PFC	12	M	ASD	CB6	SB2	15	8.4	2837	4933	0.283803	0.6892358	L2/3-6 IT	L2/3-6 IT	Glutamatergic	4933	88	5841_BA9	7405	0	L5 ET	0.423092209390239	deep layer non-IT	Glutamatergic
0	2700	613	TGCTGCTGTTAGGGTG-1_5978_BA9	L5/6	5978_BA9	5978	PFC	11	M	ASD	CB7	SB2	21	6.5	3883	8909	2.2224717	0.3591873	L5/6 NP	deep layer non-IT	Glutamatergic	8909	89	5978_BA9	7413	0	L6 CT	0.420195964932027	deep layer non-IT	Glutamatergic
0	642	203	GGGACCTTCGCCGTGA-1_5893_PFC	Oligodendrocytes	5893_PFC	5893	PFC	19	M	Control	CB2	SB1	11	8.0	1067	1778	0.3374578	1.1248594	Oligodendrocyte	Oligodendrocyte lineage	Non-neuron	1778	90	5893_PFC	7408	0	Oligodendrocyte	0.787117054554028	Oligodendrocyte lineage	Non-neuron
0	491	211	TGGCCAGTCAAAGACA-1_5893_PFC	Endothelial	5893_PFC	5893	PFC	19	M	Control	CB2	SB1	11	8.0	1196	1684	2.4940618	2.5534442	Endothelial	Vascular	Non-neuron	1684	91	5893_PFC	7408	0	Endothelial	0.547146127974333	Vascular	Non-neuron
0	660	241	CACATAGCAGGCAGTA-1_5278_PFC	AST-PP	5278_PFC	5278	PFC	15	F	ASD	CB1	SB1	13	9.0	1260	1963	0.1528273	0.9169638	Astrocyte	Astrocyte	Non-neuron	1963	92	5278_PFC	7397	0	Astrocyte	0.759910501867616	Astrocyte	Non-neuron
0	921	326	AGTTGGTGTTCCCTTG-1_5577_BA9	Oligodendrocytes	5577_BA9	5577	PFC	21	M	Control	CB6	SB2	19	8.6	1820	3018	0.4307488	1.0603048	Oligodendrocyte	Oligodendrocyte lineage	Non-neuron	3018	93	5577_BA9	7404	0	Oligodendrocyte	0.887364021859624	Oligodendrocyte lineage	Non-neuron
0	3672	631	CGATGGCAGTTACGGG-1_5939_BA9	L5/6-CC	5939_BA9	5939	PFC	21	M	ASD	CB6	SB2	22	7.4	4130	10687	4.0890802	0.3555722	L2/3-6 IT	L2/3-6 IT	Glutamatergic	10687	94	5939_BA9	7410	0	L5 ET	0.488902542010149	deep layer non-IT	Glutamatergic
0	415	202	ACACTGACAATGGATA-1_6033_BA9	OPC	6033_BA9	6033	PFC	14	F	ASD	CB7	SB2	25	8.0	926	1339	0.373413	1.1949216	OPC	Oligodendrocyte lineage	Non-neuron	1339	95	6033_BA9	7414	0	OPC	1.0	Oligodendrocyte lineage	Non-neuron
0	1259	341	GGACGTCGTTCACCTC-1_5294_BA9	AST-PP	5294_BA9	5294	PFC	19	M	ASD	CB6	SB2	16	8.3	1960	3655	0.0547196	0.6019152	Astrocyte	Astrocyte	Non-neuron	3655	96	5294_BA9	7398	0	Astrocyte	0.819928859375279	Astrocyte	Non-neuron
0	262	157	CCATTCGCATACGCTA-1_5565_BA9	AST-FB	5565_BA9	5565	PFC	12	M	ASD	CB7	SB2	22	6.9	693	871	0.6888634	0.0	Astrocyte	Astrocyte	Non-neuron	871	97	5565_BA9	7403	0	Astrocyte	0.761616608169997	Astrocyte	Non-neuron
0	726	240	ACATCAGCACCCATGG-1_4341_BA46	AST-PP	4341_BA46	4341	PFC	13	M	Control	CB6	SB2	16	7.2	1293	2081	0.6246997	0.5766458	Astrocyte	Astrocyte	Non-neuron	2081	98	4341_BA46	7395	0	Astrocyte	0.834833343673114	Astrocyte	Non-neuron
0	302	179	CGACTTCTCCAAACTG-1_5841_BA9	Microglia	5841_BA9	5841	PFC	12	M	ASD	CB6	SB2	15	8.4	898	1137	1.1433597	0.8795075	Microglia	Microglia	Non-neuron	1137	99	5841_BA9	7405	0	Microglia	0.916085428563911	Microglia	Non-neuron
