orig.ident	nCount_RNA	nFeature_RNA	cell	cluster	sample	individual	region	age	sex	diagnosis	Capbatch	Seqbatch	post.mortem.interval..hours.	RNA.Integrity.Number	genes	UMIs	RNA.mitochondr..percent	RNA.ribosomal.percent	rachel_subclass	rachel_class	rachel_family	nCounts_RNA	joinid	batch	_scvi_batch	_scvi_labels	predicted_rachel_subclass	confidence	predicted_rachel_class	predicted_rachel_family
0	217	134	TACACGAAGGTGTTAA-1_5978_BA24	AST-FB	5978_BA24	5978	ACC	11	M	ASD	CB9	SB3	21	7.4	619	778	0.7712082	0.3856041	Astrocyte	Astrocyte	Non-neuron	778	0	5978_BA24	7426	0	Astrocyte	0.762431830559544	Astrocyte	Non-neuron
0	155	125	TCCACACTCTTTAGTC-1_4899_BA24	Neu-NRGN-II	4899_BA24	4899	ACC	14	M	ASD	CB3	SB1	9	7.6	565	647	1.3910355	2.3183926	Glutamatergic	Glutamatergic	Glutamatergic	647	1	4899_BA24	7399	0	Astrocyte	0.461193866369367	Astrocyte	Non-neuron
0	223	142	AGAGCGACAGAGTGTG-1_5893_BA24	Microglia	5893_BA24	5893	ACC	19	M	Control	CB8	SB3	11	8.4	655	811	0.1233046	1.6029593	Microglia	Microglia	Non-neuron	811	2	5893_BA24	7419	0	Microglia	0.909474694866522	Microglia	Non-neuron
0	257	147	TGGCTGGCACCTTGTC-1_5387_BA9	Oligodendrocytes	5387_BA9	5387	PFC	12	M	Control	CB6	SB2	13	7.6	715	882	2.154195	1.0204082	Oligodendrocyte	Oligodendrocyte lineage	Non-neuron	882	3	5387_BA9	7406	0	Oligodendrocyte	0.498018342067455	Oligodendrocyte lineage	Non-neuron
0	1742	397	AGAATAGTCTTGAGAC-1_5538_PFC_Nova	AST-FB	5538_PFC_Nova	5538	PFC	19	F	Control	CB2	SB1	24	8.3	2367	4729	0.2960457	1.5013745	Astrocyte	Astrocyte	Non-neuron	4729	4	5538_PFC_Nova	7411	0	Astrocyte	0.409055996509004	Astrocyte	Non-neuron
0	1206	409	CGATCGGGTTCATGGT-1_5391_BA24	IN-PV	5391_BA24	5391	ACC	8	M	Control	CB3	SB1	12	7.6	2177	3739	2.6745119	0.5883926	PVALB	MGE	GABAergic	3739	5	5391_BA24	7407	0	Chandelier	0.344124290959683	MGE	GABAergic
0	492	233	GGGCACTAGTTTGCGT-1_4341_BA46	Neu-NRGN-I	4341_BA46	4341	PFC	13	M	Control	CB6	SB2	16	7.2	1326	1977	3.5407183	2.3773394	Glutamatergic	Glutamatergic	Glutamatergic	1977	6	4341_BA46	7397	0	Astrocyte	0.323349474376097	Astrocyte	Non-neuron
0	541	251	TGTATTCTCAGCACAT-1_4899_BA24	IN-VIP	4899_BA24	4899	ACC	14	M	ASD	CB3	SB1	9	7.6	1277	1751	2.9126214	0.6853227	VIP	CGE	GABAergic	1751	7	4899_BA24	7399	0	VIP	0.264948989194636	CGE	GABAergic
0	602	260	CCTACCACAGCGAACA-1_5278_BA24	OPC	5278_BA24	5278	ACC	15	F	ASD	CB3	SB1	13	7.2	1241	1865	1.0723861	0.7506702	OPC	Oligodendrocyte lineage	Non-neuron	1865	8	5278_BA24	7402	0	OPC	0.947285613118318	Oligodendrocyte lineage	Non-neuron
0	11560	1153	GGATGTTAGCTCAACT-1_5554_BA24	L4	5554_BA24	5554	ACC	13	F	Control	CB9	SB3	15	8.3	8257	33612	0.8568368	0.8032845	L2/3-6 IT	L2/3-6 IT	Glutamatergic	33611	9	5554_BA24	7412	0	L6b	0.43704213552298	deep layer non-IT	Glutamatergic
0	820	312	GACACGCCACATGTGT-1_5294_BA24	Neu-mat	5294_BA24	5294	ACC	19	M	ASD	CB8	SB3	16	7.5	1578	2529	0.8699091	0.5535785	Glutamatergic	Glutamatergic	Glutamatergic	2529	10	5294_BA24	7404	0	OPC	0.532283625024362	Oligodendrocyte lineage	Non-neuron
0	2610	675	CGATGTACACCACCAG-1_5554_BA24	IN-PV	5554_BA24	5554	ACC	13	F	Control	CB9	SB3	15	8.3	4257	8756	0.7994518	1.3704888	PVALB	MGE	GABAergic	8756	11	5554_BA24	7412	0	Chandelier	0.285220717279583	MGE	GABAergic
0	832	320	CGACTTCGTTCTGAAC-1_5278_BA24	Neu-NRGN-I	5278_BA24	5278	ACC	15	F	ASD	CB3	SB1	13	7.2	1928	3478	3.2202415	0.5750431	Glutamatergic	Glutamatergic	Glutamatergic	3478	12	5278_BA24	7402	0	Astrocyte	0.277297996338321	Astrocyte	Non-neuron
0	890	359	CTACCCAAGGGCATGT-1_5554_BA24	Neu-NRGN-I	5554_BA24	5554	ACC	13	F	Control	CB9	SB3	15	8.3	2153	3687	1.2476268	2.3053973	Glutamatergic	Glutamatergic	Glutamatergic	3687	13	5554_BA24	7412	0	Microglia	0.234991449196957	Microglia	Non-neuron
0	631	239	TACTCATAGCGAAGGG-1_5403_PFC	AST-PP	5403_PFC	5403	PFC	16	M	ASD	CB1	SB1	35	6.8	1228	1958	0.6639428	0.2042901	Astrocyte	Astrocyte	Non-neuron	1958	14	5403_PFC	7408	0	Astrocyte	0.746238275068563	Astrocyte	Non-neuron
0	194	121	TAAGTGCTCGTGACAT-1_5387_BA9	AST-FB	5387_BA9	5387	PFC	12	M	Control	CB6	SB2	13	7.6	579	679	1.6200295	1.3254786	Astrocyte	Astrocyte	Non-neuron	679	15	5387_BA9	7406	0	Astrocyte	0.763445497675452	Astrocyte	Non-neuron
0	226	132	TCATTTGGTGGAAAGA-1_5577_BA9	Oligodendrocytes	5577_BA9	5577	PFC	21	M	Control	CB6	SB2	19	8.6	588	751	0.665779	1.8641811	Oligodendrocyte	Oligodendrocyte lineage	Non-neuron	751	16	5577_BA9	7415	0	Oligodendrocyte	0.873990836535749	Oligodendrocyte lineage	Non-neuron
0	449	228	ACATCAGAGCGTGAAC-1_5841_BA9	Neu-NRGN-I	5841_BA9	5841	PFC	12	M	ASD	CB6	SB2	15	8.4	1280	1803	1.0537992	1.6638935	Glutamatergic	Glutamatergic	Glutamatergic	1803	17	5841_BA9	7416	0	Astrocyte	0.2574775713295	Astrocyte	Non-neuron
0	188	132	CTACCCACATGCTGGC-1_5893_BA24	Neu-NRGN-II	5893_BA24	5893	ACC	19	M	Control	CB8	SB3	11	8.4	614	752	1.7287234	1.1968085	Glutamatergic	Glutamatergic	Glutamatergic	752	18	5893_BA24	7419	0	Astrocyte	0.494029966530765	Astrocyte	Non-neuron
0	2306	435	ATTTCTGCAATAAGCA-1_5577_BA9	IN-PV	5577_BA9	5577	PFC	21	M	Control	CB6	SB2	19	8.6	2751	5874	0.3745318	0.6128703	PVALB	MGE	GABAergic	5874	19	5577_BA9	7415	0	Chandelier	0.352060251790742	MGE	GABAergic
0	4490	656	ACGAGGATCACTATTC-1_5978_BA9	L4	5978_BA9	5978	PFC	11	M	ASD	CB7	SB2	21	6.5	4301	12290	2.4816924	0.3254679	L2/3-6 IT	L2/3-6 IT	Glutamatergic	12290	20	5978_BA9	7427	0	L6b	0.251327760239333	deep layer non-IT	Glutamatergic
0	5777	869	CGGCTAGCAATACGCT-1_5294_BA9	L2/3	5294_BA9	5294	PFC	19	M	ASD	CB6	SB2	16	8.3	5912	16920	0.2955083	0.4255319	L2/3-6 IT	L2/3-6 IT	Glutamatergic	16920	21	5294_BA9	7405	0	L6b	0.284463089594737	deep layer non-IT	Glutamatergic
0	2834	602	AGCGGTCCAGTACACT-1_1823_BA24	IN-PV	1823_BA24	1823	ACC	15	M	Control	CB8	SB3	18	7.0	3926	8480	0.3066038	0.5778302	PVALB	MGE	GABAergic	8480	22	1823_BA24	7395	0	PVALB	0.390314445570174	MGE	GABAergic
0	282	177	GCTGCAGAGGCAAAGA-1_5278_BA24	Neu-NRGN-II	5278_BA24	5278	ACC	15	F	ASD	CB3	SB1	13	7.2	690	857	1.2835473	0.8168028	Glutamatergic	Glutamatergic	Glutamatergic	857	23	5278_BA24	7402	0	Oligodendrocyte	0.666790565976574	Oligodendrocyte lineage	Non-neuron
0	943	326	CGAATGTGTAGTAGTA-1_4341_BA24	AST-PP	4341_BA24	4341	ACC	13	M	Control	CB8	SB3	16	7.5	1727	2775	1.009009	0.7567568	Astrocyte	Astrocyte	Non-neuron	2775	24	4341_BA24	7396	0	Astrocyte	0.86870037659082	Astrocyte	Non-neuron
0	159	105	CGCTATCCAGACGCAA-1_5278_PFC	Neu-NRGN-II	5278_PFC	5278	PFC	15	F	ASD	CB1	SB1	13	9.0	507	612	4.9019608	4.7385621	Glutamatergic	Glutamatergic	Glutamatergic	612	25	5278_PFC	7403	0	Astrocyte	0.492774860986392	Astrocyte	Non-neuron
0	1644	327	TATCTCATCCAACCAA-1_5531_BA9	IN-SST	5531_BA9	5531	PFC	15	M	ASD	CB6	SB2	32	8.5	1779	3923	4.2314555	0.254907	SST	MGE	GABAergic	3923	26	5531_BA9	7410	0	CGE	0.316794608114924	CGE	GABAergic
0	229	150	GAGGTGACACATCCGG-1_4899_BA24	Neu-NRGN-II	4899_BA24	4899	ACC	14	M	ASD	CB3	SB1	9	7.6	727	932	2.7896996	2.0386266	Glutamatergic	Glutamatergic	Glutamatergic	932	27	4899_BA24	7399	0	Astrocyte	0.461597726854081	Astrocyte	Non-neuron
0	308	153	CATCGAATCGTGGTCG-1_5242_BA24	IN-VIP	5242_BA24	5242	ACC	15	M	Control	CB3	SB1	9	7.9	646	870	0.2298851	1.0344828	VIP	CGE	GABAergic	870	28	5242_BA24	7401	0	VIP	0.398156560941698	CGE	GABAergic
0	415	240	ATCACGACACATTAGC-1_5978_BA24	Endothelial	5978_BA24	5978	ACC	11	M	ASD	CB9	SB3	21	7.4	1010	1344	2.7529762	2.4553571	Endothelial	Vascular	Non-neuron	1344	29	5978_BA24	7426	0	Endothelial	0.502800899102908	Vascular	Non-neuron
0	2146	509	GTGGGTCAGAAGGACA-1_5939_BA9	L2/3	5939_BA9	5939	PFC	21	M	ASD	CB6	SB2	22	7.4	3047	6391	0.7041152	0.8292912	L2/3-6 IT	L2/3-6 IT	Glutamatergic	6391	30	5939_BA9	7422	0	L5 ET	0.481258776274019	deep layer non-IT	Glutamatergic
0	15816	1240	GCATGCGTCGTTTATC-1_6033_BA24	L5/6-CC	6033_BA24	6033	ACC	14	F	ASD	CB9	SB3	25	6.7	9122	52296	4.0117791	1.0019887	L2/3-6 IT	L2/3-6 IT	Glutamatergic	52296	31	6033_BA24	7429	0	L6b	0.270276868569604	deep layer non-IT	Glutamatergic
0	629	241	ACTGAACTCACGCATA-1_6032_BA24	OPC	6032_BA24	6032	ACC	4	M	Control	CB4	SB1	25	7.7	1226	1925	0.1038961	0.7792208	OPC	Oligodendrocyte lineage	Non-neuron	1925	32	6032_BA24	7428	0	OPC	0.63450282159512	Oligodendrocyte lineage	Non-neuron
0	3325	634	ATTATCCCAGGTCGTC-1_5879_PFC_Nova	L4	5879_PFC_Nova	5879	PFC	15	M	Control	CB1	SB1	18	7.5	4097	9433	0.1696173	1.56896	L2/3-6 IT	L2/3-6 IT	Glutamatergic	9433	33	5879_PFC_Nova	7418	0	L6 CT	0.297581378385962	deep layer non-IT	Glutamatergic
0	211	129	CGTAGGCGTTCAGCGC-1_5554_BA24	Neu-NRGN-II	5554_BA24	5554	ACC	13	F	Control	CB9	SB3	15	8.3	668	842	0.5938242	2.3752969	Glutamatergic	Glutamatergic	Glutamatergic	842	34	5554_BA24	7412	0	Astrocyte	0.561894613199377	Astrocyte	Non-neuron
0	299	161	GTCGGGTAGTGTACGG-1_5939_BA9	L4	5939_BA9	5939	PFC	21	M	ASD	CB6	SB2	22	7.4	634	875	1.3714286	0.1142857	L2/3-6 IT	L2/3-6 IT	Glutamatergic	875	35	5939_BA9	7422	0	SST	0.188859715893741	MGE	GABAergic
0	497	220	GTCTCGTAGCACCGTC-1_5577_BA9	Oligodendrocytes	5577_BA9	5577	PFC	21	M	Control	CB6	SB2	19	8.6	1067	1549	0.5164622	1.9367334	Oligodendrocyte	Oligodendrocyte lineage	Non-neuron	1549	36	5577_BA9	7415	0	Oligodendrocyte	0.963665428504859	Oligodendrocyte lineage	Non-neuron
0	1247	400	TACCTATAGATAGGAG-1_5531_BA24	IN-SV2C	5531_BA24	5531	ACC	15	M	ASD	CB8	SB3	32	7.2	2319	4065	1.1562116	0.295203	LAMP5	CGE	GABAergic	4065	37	5531_BA24	7409	0	LAMP5	0.472109552106068	CGE	GABAergic
0	216	131	GCAATCAAGTGGAGAA-1_5531_BA24	OPC	5531_BA24	5531	ACC	15	M	ASD	CB8	SB3	32	7.2	531	680	0.8823529	0.7352941	OPC	Oligodendrocyte lineage	Non-neuron	680	38	5531_BA24	7409	0	OPC	1.0	Oligodendrocyte lineage	Non-neuron
0	388	196	CCATGTCAGCACACAG-1_5936_PFC_Nova	Microglia	5936_PFC_Nova	5936	PFC	14	F	Control	CB1	SB1	23	8.0	1060	1461	0.2737851	1.4373717	Microglia	Microglia	Non-neuron	1461	39	5936_PFC_Nova	7421	0	Microglia	0.856052243026057	Microglia	Non-neuron
0	2874	627	CGGAGCTCAGCTGTTA-1_5387_BA9	L4	5387_BA9	5387	PFC	12	M	Control	CB6	SB2	13	7.6	3976	8954	1.1838285	0.7706053	L2/3-6 IT	L2/3-6 IT	Glutamatergic	8954	40	5387_BA9	7406	0	L6 CT	0.35103759357253	deep layer non-IT	Glutamatergic
0	203	123	ACGCCAGAGAGTACCG-1_5939_BA9	AST-FB	5939_BA9	5939	PFC	21	M	ASD	CB6	SB2	22	7.4	585	726	1.2396694	0.137741	Astrocyte	Astrocyte	Non-neuron	726	41	5939_BA9	7422	0	Astrocyte	0.730518509440493	Astrocyte	Non-neuron
0	8946	931	ACTTTCAGTCCGAAGA-1_5577_BA9	L5/6-CC	5577_BA9	5577	PFC	21	M	Control	CB6	SB2	19	8.6	6461	23785	0.2102165	0.5297456	L2/3-6 IT	L2/3-6 IT	Glutamatergic	23785	42	5577_BA9	7415	0	L5 ET	0.359700554845121	deep layer non-IT	Glutamatergic
0	777	310	CGACCTTTCTACCAGA-1_5538_PFC_Nova	OPC	5538_PFC_Nova	5538	PFC	19	F	Control	CB2	SB1	24	8.3	1507	2387	0.4189359	1.4243821	OPC	Oligodendrocyte lineage	Non-neuron	2387	43	5538_PFC_Nova	7411	0	OPC	0.718414135270091	Oligodendrocyte lineage	Non-neuron
0	758	264	AGTAGTCGTAGTAGTA-1_5958_BA24	OPC	5958_BA24	5958	ACC	22	M	Control	CB9	SB3	24	7.6	1374	2339	0.4275331	0.0855066	OPC	Oligodendrocyte lineage	Non-neuron	2339	44	5958_BA24	7424	0	OPC	0.846900252598187	Oligodendrocyte lineage	Non-neuron
0	2999	622	AGCCTAATCCGGGTGT-1_5864_BA9	L5/6-CC	5864_BA9	5864	PFC	20	M	ASD	CB7	SB2	42	7.7	4051	9204	0.6410256	0.478053	L2/3-6 IT	L2/3-6 IT	Glutamatergic	9204	45	5864_BA9	7417	0	L6 CT	0.354677759730369	deep layer non-IT	Glutamatergic
0	349	217	CGTTAGAGTTGGTAAA-1_5841_BA9	Microglia	5841_BA9	5841	PFC	12	M	ASD	CB6	SB2	15	8.4	1166	1460	1.1643836	1.6438356	Microglia	Microglia	Non-neuron	1460	46	5841_BA9	7416	0	Microglia	0.707839216053053	Microglia	Non-neuron
0	4939	818	GCTGCGAAGTGAAGTT-1_5864_BA9	L2/3	5864_BA9	5864	PFC	20	M	ASD	CB7	SB2	42	7.7	5529	15239	0.3674782	1.2402389	L2/3-6 IT	L2/3-6 IT	Glutamatergic	15239	47	5864_BA9	7417	0	L2/3-6 IT	0.234121462265272	L2/3-6 IT	Glutamatergic
0	1581	413	ACACCGGTCGTCCGTT-1_4849_BA24	IN-SST	4849_BA24	4849	ACC	7	M	ASD	CB8	SB3	20	6.7	2528	4714	1.4212983	1.1879508	SST	MGE	GABAergic	4714	48	4849_BA24	7398	0	SST	0.466647302094871	MGE	GABAergic
0	537	173	CTACACCCATGTAGTC-1_5144_PFC	AST-PP	5144_PFC	5144	PFC	7	M	ASD	CB1	SB1	3	8.0	888	1436	0.4874652	0.6267409	Astrocyte	Astrocyte	Non-neuron	1436	49	5144_PFC	7400	0	Astrocyte	0.836180632241411	Astrocyte	Non-neuron
0	1616	505	GTTCTCGCAGTGGAGT-1_5242_BA24	L5/6	5242_BA24	5242	ACC	15	M	Control	CB3	SB1	9	7.9	3165	5827	1.1326583	3.5695898	L5/6 NP	deep layer non-IT	Glutamatergic	5827	50	5242_BA24	7401	0	L6 CT	0.343576461368263	deep layer non-IT	Glutamatergic
0	207	131	GCTGCAGGTGCCTGCA-1_5391_BA24	Oligodendrocytes	5391_BA24	5391	ACC	8	M	Control	CB3	SB1	12	7.6	662	835	1.6766467	0.3592814	Oligodendrocyte	Oligodendrocyte lineage	Non-neuron	835	51	5391_BA24	7407	0	Oligodendrocyte	0.708166215916846	Oligodendrocyte lineage	Non-neuron
0	4399	657	ACTTTCAAGACCACGA-1_5936_PFC_Nova	IN-PV	5936_PFC_Nova	5936	PFC	14	F	Control	CB1	SB1	23	8.0	4445	12272	0.4563233	0.5622555	PVALB	MGE	GABAergic	12272	52	5936_PFC_Nova	7421	0	PVALB	0.394595440585506	MGE	GABAergic
0	362	184	CCTAGCTGTACAGACG-1_5864_BA9	AST-PP	5864_BA9	5864	PFC	20	M	ASD	CB7	SB2	42	7.7	810	1100	0.1818182	0.6363636	Astrocyte	Astrocyte	Non-neuron	1100	53	5864_BA9	7417	0	Astrocyte	0.809148165294666	Astrocyte	Non-neuron
0	4841	780	CTACCCACAGTGGAGT-1_4341_BA46	L5/6-CC	4341_BA46	4341	PFC	13	M	Control	CB6	SB2	16	7.2	5396	15155	0.547674	2.6723854	L2/3-6 IT	L2/3-6 IT	Glutamatergic	15155	54	4341_BA46	7397	0	L6b	0.310614996167411	deep layer non-IT	Glutamatergic
0	434	229	AAACCTGCACCGAATT-1_5958_BA24	Oligodendrocytes	5958_BA24	5958	ACC	22	M	Control	CB9	SB3	24	7.6	1187	1613	1.3639182	0.8679479	Oligodendrocyte	Oligodendrocyte lineage	Non-neuron	1613	55	5958_BA24	7424	0	Oligodendrocyte	0.867807511691663	Oligodendrocyte lineage	Non-neuron
0	4133	680	CGAATGTGTGATGTGG-1_5577_BA9	L5/6	5577_BA9	5577	PFC	21	M	Control	CB6	SB2	19	8.6	4502	11935	0.1424382	0.594889	L5/6 NP	deep layer non-IT	Glutamatergic	11935	56	5577_BA9	7415	0	L6 CT	0.556172885126714	deep layer non-IT	Glutamatergic
0	1762	467	CGACTTCTCAGTTGAC-1_5387_BA9	IN-SST	5387_BA9	5387	PFC	12	M	Control	CB6	SB2	13	7.6	2625	4859	0.9055361	0.9672772	SST	MGE	GABAergic	4858	57	5387_BA9	7406	0	SST	0.350327286335845	MGE	GABAergic
0	1932	578	GCATACACAGTAAGCG-1_5531_BA9	Endothelial	5531_BA9	5531	PFC	15	M	ASD	CB6	SB2	32	8.5	2835	5330	0.956848	4.315197	Endothelial	Vascular	Non-neuron	5330	58	5531_BA9	7410	0	Endothelial	0.506799431623597	Vascular	Non-neuron
0	651	257	TTGTAGGGTGTTCGAT-1_5978_BA24	IN-PV	5978_BA24	5978	ACC	11	M	ASD	CB9	SB3	21	7.4	1206	1904	3.6764706	0.210084	PVALB	MGE	GABAergic	1904	59	5978_BA24	7426	0	PVALB	0.35184258979259	MGE	GABAergic
0	1447	398	TCTCTAAGTTCCATGA-1_5879_PFC_Nova	L4	5879_PFC_Nova	5879	PFC	15	M	Control	CB1	SB1	18	7.5	2474	4394	0.4096495	1.0696404	L2/3-6 IT	L2/3-6 IT	Glutamatergic	4394	60	5879_PFC_Nova	7418	0	L6 CT	0.237870103929787	deep layer non-IT	Glutamatergic
0	353	183	GATGAAAAGGATTCGG-1_6033_BA24	OPC	6033_BA24	6033	ACC	14	F	ASD	CB9	SB3	25	6.7	765	1036	0.965251	1.3513514	OPC	Oligodendrocyte lineage	Non-neuron	1036	61	6033_BA24	7429	0	OPC	0.918285758052124	Oligodendrocyte lineage	Non-neuron
0	485	250	GGGATGAGTACCATCA-1_4899_BA24	OPC	4899_BA24	4899	ACC	14	M	ASD	CB3	SB1	9	7.6	1207	1657	0.3621002	0.7845504	OPC	Oligodendrocyte lineage	Non-neuron	1657	62	4899_BA24	7399	0	OPC	0.954133468469491	Oligodendrocyte lineage	Non-neuron
0	3071	596	CGAGCACAGGGCTCTC-1_5278_PFC	IN-SST	5278_PFC	5278	PFC	15	F	ASD	CB1	SB1	13	9.0	3905	9032	0.6421612	1.9264836	SST	MGE	GABAergic	9032	63	5278_PFC	7403	0	CGE	0.300113263332084	CGE	GABAergic
0	809	302	CAGAGAGTCAGGTTCA-1_4849_BA24	AST-FB	4849_BA24	4849	ACC	7	M	ASD	CB8	SB3	20	6.7	1650	2550	0.3529412	1.0196078	Astrocyte	Astrocyte	Non-neuron	2550	64	4849_BA24	7398	0	Astrocyte	0.773269453047549	Astrocyte	Non-neuron
0	499	214	TGCTACCTCAGTGTTG-1_1823_BA24	OPC	1823_BA24	1823	ACC	15	M	Control	CB8	SB3	18	7.0	1132	1683	0.2970885	0.2970885	OPC	Oligodendrocyte lineage	Non-neuron	1683	65	1823_BA24	7395	0	OPC	1.0	Oligodendrocyte lineage	Non-neuron
0	667	205	GACGCGTGTTACGCGC-1_5531_BA9	AST-PP	5531_BA9	5531	PFC	15	M	ASD	CB6	SB2	32	8.5	1122	1814	0.1653804	0.5512679	Astrocyte	Astrocyte	Non-neuron	1814	66	5531_BA9	7410	0	Astrocyte	0.682672259736297	Astrocyte	Non-neuron
0	153	111	CTCCTAGTCCAACCAA-1_5242_BA24	Neu-NRGN-II	5242_BA24	5242	ACC	15	M	Control	CB3	SB1	9	7.9	524	616	0.8116883	1.9480519	Glutamatergic	Glutamatergic	Glutamatergic	616	67	5242_BA24	7401	0	Astrocyte	0.465459946363947	Astrocyte	Non-neuron
0	1259	392	GTCACGGAGTATCGAA-1_6033_BA24	Neu-mat	6033_BA24	6033	ACC	14	F	ASD	CB9	SB3	25	6.7	2282	3956	2.4519717	1.2386249	Glutamatergic	Glutamatergic	Glutamatergic	3956	68	6033_BA24	7429	0	CGE	0.252044548728839	CGE	GABAergic
0	1168	350	GCTCCTAGTCTCTCTG-1_5936_PFC_Nova	AST-PP	5936_PFC_Nova	5936	PFC	14	F	Control	CB1	SB1	23	8.0	1891	3297	0.2123142	0.7885957	Astrocyte	Astrocyte	Non-neuron	3297	69	5936_PFC_Nova	7421	0	Astrocyte	0.506357273014756	Astrocyte	Non-neuron
0	2721	582	AGGGTGAGTGATGATA-1_5565_BA9	L2/3	5565_BA9	5565	PFC	12	M	ASD	CB7	SB2	22	6.9	3744	8564	0.1985054	0.3386268	L2/3-6 IT	L2/3-6 IT	Glutamatergic	8564	70	5565_BA9	7414	0	L5 ET	0.410261941174997	deep layer non-IT	Glutamatergic
0	9090	991	TCGTAGAGTTATTCTC-1_5294_BA9	L2/3	5294_BA9	5294	PFC	19	M	ASD	CB6	SB2	16	8.3	6827	25367	0.0630741	0.3429653	L2/3-6 IT	L2/3-6 IT	Glutamatergic	25366	71	5294_BA9	7405	0	L5 ET	0.514858415131658	deep layer non-IT	Glutamatergic
0	196	123	CTCTACGAGGTCGGAT-1_6033_BA9	IN-VIP	6033_BA9	6033	PFC	14	F	ASD	CB7	SB2	25	8.0	511	625	2.24	0.32	VIP	CGE	GABAergic	625	72	6033_BA9	7430	0	CGE	0.316874402409666	CGE	GABAergic
0	4367	704	TTCTTAGTCTGCAGTA-1_5565_BA24	L2/3	5565_BA24	5565	ACC	12	M	ASD	CB9	SB3	22	7.5	4821	13207	1.6430681	0.499735	L2/3-6 IT	L2/3-6 IT	Glutamatergic	13207	73	5565_BA24	7413	0	L6b	0.23314954555745	deep layer non-IT	Glutamatergic
0	446	197	CGTAGCGCATCACCCT-1_5294_BA24	Oligodendrocytes	5294_BA24	5294	ACC	19	M	ASD	CB8	SB3	16	7.5	911	1315	1.7490494	0.4562738	Oligodendrocyte	Oligodendrocyte lineage	Non-neuron	1315	74	5294_BA24	7404	0	Oligodendrocyte	1.0	Oligodendrocyte lineage	Non-neuron
0	382	168	CGCTTCAGTTCAACCA-1_5939_BA9	OPC	5939_BA9	5939	PFC	21	M	ASD	CB6	SB2	22	7.4	742	1051	1.1417697	0.190295	OPC	Oligodendrocyte lineage	Non-neuron	1051	75	5939_BA9	7422	0	OPC	0.958304562362196	Oligodendrocyte lineage	Non-neuron
0	2517	583	GACTAACTCCAGGGCT-1_5893_BA24	L2/3	5893_BA24	5893	ACC	19	M	Control	CB8	SB3	11	8.4	3570	7596	0.3686151	1.2111638	L2/3-6 IT	L2/3-6 IT	Glutamatergic	7596	76	5893_BA24	7419	0	L2/3-6 IT	0.357936339886919	L2/3-6 IT	Glutamatergic
0	507	188	GCGCAGTAGGGTTTCT-1_5841_BA9	AST-PP	5841_BA9	5841	PFC	12	M	ASD	CB6	SB2	15	8.4	1008	1540	0.7792208	0.5844156	Astrocyte	Astrocyte	Non-neuron	1540	77	5841_BA9	7416	0	Astrocyte	0.706730779246197	Astrocyte	Non-neuron
0	549	220	CTCTACGTCGTACGGC-1_5841_BA9	Oligodendrocytes	5841_BA9	5841	PFC	12	M	ASD	CB6	SB2	15	8.4	1223	1804	0.2217295	1.7184035	Oligodendrocyte	Oligodendrocyte lineage	Non-neuron	1804	78	5841_BA9	7416	0	Oligodendrocyte	0.871360206570638	Oligodendrocyte lineage	Non-neuron
0	9988	1009	GTTCTCGGTCTAGTCA-1_5294_BA9	L4	5294_BA9	5294	PFC	19	M	ASD	CB6	SB2	16	8.3	7034	26884	0.141348	0.2789763	L2/3-6 IT	L2/3-6 IT	Glutamatergic	26884	79	5294_BA9	7405	0	L2/3-6 IT	0.28993961893449	L2/3-6 IT	Glutamatergic
0	194	117	AAAGTAGCATATGCTG-1_5978_BA24	Oligodendrocytes	5978_BA24	5978	ACC	11	M	ASD	CB9	SB3	21	7.4	503	634	2.9968454	0.1577287	Oligodendrocyte	Oligodendrocyte lineage	Non-neuron	634	80	5978_BA24	7426	0	Oligodendrocyte	0.794227875898858	Oligodendrocyte lineage	Non-neuron
0	335	156	ACTGCTCAGTGTGGCA-1_5893_BA24	Oligodendrocytes	5893_BA24	5893	ACC	19	M	Control	CB8	SB3	11	8.4	764	1094	0.4570384	1.3711152	Oligodendrocyte	Oligodendrocyte lineage	Non-neuron	1094	81	5893_BA24	7419	0	Oligodendrocyte	0.864846690495203	Oligodendrocyte lineage	Non-neuron
0	388	169	CGCCAAGGTGAGCGAT-1_5893_PFC	Oligodendrocytes	5893_PFC	5893	PFC	19	M	Control	CB2	SB1	11	8.0	778	1125	1.0666667	2.0444444	Oligodendrocyte	Oligodendrocyte lineage	Non-neuron	1125	82	5893_PFC	7420	0	Oligodendrocyte	0.848710896359674	Oligodendrocyte lineage	Non-neuron
0	581	265	CGTAGGCTCTGCGACG-1_5554_BA24	Neu-NRGN-II	5554_BA24	5554	ACC	13	F	Control	CB9	SB3	15	8.3	1457	2033	3.1480571	1.9183473	Glutamatergic	Glutamatergic	Glutamatergic	2033	83	5554_BA24	7412	0	LAMP5	0.327352793997724	CGE	GABAergic
0	273	181	GACGGCTAGGACAGCT-1_4899_BA24	AST-FB	4899_BA24	4899	ACC	14	M	ASD	CB3	SB1	9	7.6	772	970	0.3092784	0.5154639	Astrocyte	Astrocyte	Non-neuron	970	84	4899_BA24	7399	0	Astrocyte	0.665031845189596	Astrocyte	Non-neuron
0	842	301	ACACTGATCCACTGGG-1_5945_PFC	OPC	5945_PFC	5945	PFC	20	M	ASD	CB2	SB1	24	7.4	1586	2641	0.1135933	0.3029156	OPC	Oligodendrocyte lineage	Non-neuron	2641	85	5945_PFC	7423	0	OPC	0.929445681411127	Oligodendrocyte lineage	Non-neuron
0	493	215	CCTCAGTTCTAACTCT-1_1823_BA24	Neu-mat	1823_BA24	1823	ACC	15	M	Control	CB8	SB3	18	7.0	998	1456	0.0686813	0.8241758	Glutamatergic	Glutamatergic	Glutamatergic	1456	86	1823_BA24	7395	0	SNCG	0.273723194739641	CGE	GABAergic
0	819	300	TCATTTGAGTACATGA-1_5958_BA9	OPC	5958_BA9	5958	PFC	22	M	Control	CB7	SB2	24	7.6	1515	2553	0.0391696	0.4308656	OPC	Oligodendrocyte lineage	Non-neuron	2553	87	5958_BA9	7425	0	OPC	0.87938875428787	Oligodendrocyte lineage	Non-neuron
0	160	106	ATCTGCCTCTCAAACG-1_5554_BA24	Neu-NRGN-II	5554_BA24	5554	ACC	13	F	Control	CB9	SB3	15	8.3	579	689	2.6124819	3.7735849	Glutamatergic	Glutamatergic	Glutamatergic	689	88	5554_BA24	7412	0	Astrocyte	0.350460835010395	Astrocyte	Non-neuron
0	671	268	CCTACACAGCGTGTCC-1_5864_BA9	IN-VIP	5864_BA9	5864	PFC	20	M	ASD	CB7	SB2	42	7.7	1459	2144	0.5597015	0.6063433	VIP	CGE	GABAergic	2144	89	5864_BA9	7417	0	SNCG	0.364973577301468	CGE	GABAergic
0	2865	613	GAAACTCCAGCTATTG-1_6033_BA9	L2/3	6033_BA9	6033	PFC	14	F	ASD	CB7	SB2	25	8.0	3835	8859	0.6547014	0.5643978	L2/3-6 IT	L2/3-6 IT	Glutamatergic	8859	90	6033_BA9	7430	0	L2/3-6 IT	0.392685822149861	L2/3-6 IT	Glutamatergic
0	1926	414	GTCATTTCATGGGACA-1_6032_BA24	L5/6	6032_BA24	6032	ACC	4	M	Control	CB4	SB1	25	7.7	2529	5552	0.0540346	0.5403458	L5/6 NP	deep layer non-IT	Glutamatergic	5552	91	6032_BA24	7428	0	L5 6 NP	0.579334338393941	unknown	unknown
0	4831	848	ACGAGGAAGATCACGG-1_4341_BA46	L4	4341_BA46	4341	PFC	13	M	Control	CB6	SB2	16	7.2	5541	14763	0.372553	0.7044639	L2/3-6 IT	L2/3-6 IT	Glutamatergic	14760	92	4341_BA46	7397	0	L5 ET	0.579705177692381	deep layer non-IT	Glutamatergic
0	431	179	ATTGGACGTTCCACGG-1_5294_BA24	AST-PP	5294_BA24	5294	ACC	19	M	ASD	CB8	SB3	16	7.5	1030	1433	0.209351	1.3258897	Astrocyte	Astrocyte	Non-neuron	1433	93	5294_BA24	7404	0	Astrocyte	0.823623289286541	Astrocyte	Non-neuron
0	1210	337	CAAGTTGCAAGCCTAT-1_5538_PFC_Nova	Oligodendrocytes	5538_PFC_Nova	5538	PFC	19	F	Control	CB2	SB1	24	8.3	2039	3826	0.5750131	2.1955044	Oligodendrocyte	Oligodendrocyte lineage	Non-neuron	3826	94	5538_PFC_Nova	7411	0	Oligodendrocyte	0.961124747314636	Oligodendrocyte lineage	Non-neuron
0	9814	1014	GGCCGATAGACAGACC-1_5387_BA9	L2/3	5387_BA9	5387	PFC	12	M	Control	CB6	SB2	13	7.6	7184	27834	1.5233168	0.4993892	L2/3-6 IT	L2/3-6 IT	Glutamatergic	27834	95	5387_BA9	7406	0	L2/3-6 IT	0.38664478870299	L2/3-6 IT	Glutamatergic
0	4165	666	GGAATAAGTAGAAGGA-1_5577_BA9	IN-SST	5577_BA9	5577	PFC	21	M	Control	CB6	SB2	19	8.6	4612	11965	0.1587965	0.7605516	SST	MGE	GABAergic	11965	96	5577_BA9	7415	0	SST	0.312387720498915	MGE	GABAergic
0	1112	279	AACTCTTCAAGACACG-1_5538_PFC_Nova	AST-PP	5538_PFC_Nova	5538	PFC	19	F	Control	CB2	SB1	24	8.3	1526	2936	0.0681199	0.613079	Astrocyte	Astrocyte	Non-neuron	2936	97	5538_PFC_Nova	7411	0	Astrocyte	0.606904225392468	Astrocyte	Non-neuron
0	189	129	AGTTGGTGTGTTCGAT-1_5958_BA24	Neu-NRGN-II	5958_BA24	5958	ACC	22	M	Control	CB9	SB3	24	7.6	629	774	0.6459948	1.0335917	Glutamatergic	Glutamatergic	Glutamatergic	774	98	5958_BA24	7424	0	Astrocyte	0.437220471516814	Astrocyte	Non-neuron
0	6496	857	GGGCATCCAATAGCAA-1_5387_BA9	L2/3	5387_BA9	5387	PFC	12	M	Control	CB6	SB2	13	7.6	5875	18616	1.7296949	0.542544	L2/3-6 IT	L2/3-6 IT	Glutamatergic	18616	99	5387_BA9	7406	0	L2/3-6 IT	0.472243247395787	L2/3-6 IT	Glutamatergic
