orig.ident	nCount_RNA	nFeature_RNA	active.ident	sample	ID	Cell_type	subclass	class	family	n_counts	joinid	batch	_scvi_batch	_scvi_labels	predicted_subclass	confidence	predicted_class	predicted_family
TTCTAACCATGACAAA_8	1070.0	727	AD8	GSM4775566	TTCTAACCATGACAAA_8	Oligo	Oligodendrocyte	Oligodendrocyte lineage	Non-neuron	1070.0	0	GSM4775566	7399	0	Oligodendrocyte	0.28	Oligodendrocyte lineage	Non-neuron
AATCACGAGTTCTCTT_8	4277.0	2024	AD8	GSM4775566	AATCACGAGTTCTCTT_8	Excit	Glutamatergic	Glutamatergic	Glutamatergic	4277.0	1	GSM4775566	7399	0	SST	0.15	MGE	GABAergic
CTGTACCCACCCTTGT_10	1234.0	901	AD10	GSM4775568	CTGTACCCACCCTTGT_10	Inhit	GABAergic	GABAergic	GABAergic	1234.0	2	GSM4775568	7401	0	VIP	0.18	CGE	GABAergic
GTTGTAGAGGCCTGCT_9	2662.0	1680	AD9	GSM4775567	GTTGTAGAGGCCTGCT_9	Inhit	GABAergic	GABAergic	GABAergic	2662.0	3	GSM4775567	7400	0	LAMP5	0.33	CGE	GABAergic
TCCGATCTCCTCTGCA_2	2001.0	1250	AD2	GSM4775562	TCCGATCTCCTCTGCA_2	Oligo	Oligodendrocyte	Oligodendrocyte lineage	Non-neuron	2001.0	4	GSM4775562	7396	0	Oligodendrocyte	0.23	Oligodendrocyte lineage	Non-neuron
AATCACGGTGCAATGG_9	1588.0	1108	AD9	GSM4775567	AATCACGGTGCAATGG_9	Astro	Astrocyte	Astrocyte	Non-neuron	1588.0	5	GSM4775567	7400	0	Astrocyte	0.43	Astrocyte	Non-neuron
AGAGAATCATGAGGGT_14	4776.0	2436	NC14	GSM4775577	AGAGAATCATGAGGGT_14	Astro	Astrocyte	Astrocyte	Non-neuron	4776.0	6	GSM4775577	7410	0	Astrocyte	0.66	Astrocyte	Non-neuron
ATTATCCTCCAAGCCG_18	1390.0	990	NC18	GSM4775581	ATTATCCTCCAAGCCG_18	Excit	Glutamatergic	Glutamatergic	Glutamatergic	1390.0	7	GSM4775581	7414	0	L5/6 NP	0.4	deep layer non-IT	Glutamatergic
ATTCCATGTCTTCCGT_7	1209.0	891	NC7	GSM4775574	ATTCCATGTCTTCCGT_7	Inhit	GABAergic	GABAergic	GABAergic	1209.0	8	GSM4775574	7407	0	VIP	0.25	CGE	GABAergic
CATTGAGTCGTCTAAG_17	2175.0	1475	NC17	GSM4775580	CATTGAGTCGTCTAAG_17	Excit	Glutamatergic	Glutamatergic	Glutamatergic	2175.0	9	GSM4775580	7413	0	L2/3-6 IT	0.18	L2/3-6 IT	Glutamatergic
TCTCACGTCGAATCCA_18	3829.0	1906	NC18	GSM4775581	TCTCACGTCGAATCCA_18	Oligo	Oligodendrocyte	Oligodendrocyte lineage	Non-neuron	3829.0	10	GSM4775581	7414	0	Oligodendrocyte	0.69	Oligodendrocyte lineage	Non-neuron
GATTCTTCAACCGTGC_21	1689.0	1022	AD21	GSM4775572	GATTCTTCAACCGTGC_21	Inhit	GABAergic	GABAergic	GABAergic	1689.0	11	GSM4775572	7405	0	L2/3-6 IT	0.13	L2/3-6 IT	Glutamatergic
CAATGACTCGAGATGG_21	5797.0	3118	AD21	GSM4775572	CAATGACTCGAGATGG_21	Excit	Glutamatergic	Glutamatergic	Glutamatergic	5797.0	12	GSM4775572	7405	0	L2/3-6 IT	0.2	L2/3-6 IT	Glutamatergic
GACGTTAAGCGCAATG_2	1767.0	1088	AD2	GSM4775562	GACGTTAAGCGCAATG_2	Oligo	Oligodendrocyte	Oligodendrocyte lineage	Non-neuron	1767.0	13	GSM4775562	7396	0	Oligodendrocyte	0.54	Oligodendrocyte lineage	Non-neuron
CCGTTCACAACGACAG_3	4012.0	2001	NC3	GSM4775573	CCGTTCACAACGACAG_3	Excit	Glutamatergic	Glutamatergic	Glutamatergic	4012.0	14	GSM4775573	7406	0	L2/3-6 IT	0.46	L2/3-6 IT	Glutamatergic
TCTACATAGACAGCTG_17	11957.0	4227	NC17	GSM4775580	TCTACATAGACAGCTG_17	Excit	Glutamatergic	Glutamatergic	Glutamatergic	11957.0	15	GSM4775580	7413	0	L2/3-6 IT	0.47	L2/3-6 IT	Glutamatergic
CAGTGCGCAAAGCACG_5	2641.0	1683	AD5	GSM4775564	CAGTGCGCAAAGCACG_5	Excit	Glutamatergic	Glutamatergic	Glutamatergic	2641.0	16	GSM4775564	7398	0	L2/3-6 IT	0.13	L2/3-6 IT	Glutamatergic
TCACGGGTCTAACGCA_17	4999.0	3014	NC17	GSM4775580	TCACGGGTCTAACGCA_17	Excit	Glutamatergic	Glutamatergic	Glutamatergic	4999.0	17	GSM4775580	7413	0	OPC	0.18	Oligodendrocyte lineage	Non-neuron
CGTGATATCTCAACCC_18	3868.0	1952	NC18	GSM4775581	CGTGATATCTCAACCC_18	Oligo	Oligodendrocyte	Oligodendrocyte lineage	Non-neuron	3868.0	18	GSM4775581	7414	0	Oligodendrocyte	0.45	Oligodendrocyte lineage	Non-neuron
GGCTGTGCAAGAGGCT_9	2415.0	1535	AD9	GSM4775567	GGCTGTGCAAGAGGCT_9	Excit	Glutamatergic	Glutamatergic	Glutamatergic	2415.0	19	GSM4775567	7400	0	L2/3-6 IT	0.18	L2/3-6 IT	Glutamatergic
TAGACCAGTTGATCGT_17	3619.0	2237	NC17	GSM4775580	TAGACCAGTTGATCGT_17	Excit	Glutamatergic	Glutamatergic	Glutamatergic	3619.0	20	GSM4775580	7413	0	L2/3-6 IT	0.22	L2/3-6 IT	Glutamatergic
GCCAGCACAGAACGCA_2	4386.0	1812	AD2	GSM4775562	GCCAGCACAGAACGCA_2	Excit	Glutamatergic	Glutamatergic	Glutamatergic	4386.0	21	GSM4775562	7396	0	CGE	0.18	CGE	GABAergic
GAGGCCTTCCCGAACG_8	14149.0	4623	AD8	GSM4775566	GAGGCCTTCCCGAACG_8	Excit	Glutamatergic	Glutamatergic	Glutamatergic	14149.0	22	GSM4775566	7399	0	L2/3-6 IT	0.37	L2/3-6 IT	Glutamatergic
GTTCGCTCAGCATCTA_15	6217.0	2816	NC15	GSM4775578	GTTCGCTCAGCATCTA_15	Excit	Glutamatergic	Glutamatergic	Glutamatergic	6217.0	23	GSM4775578	7411	0	L2/3-6 IT	0.24	L2/3-6 IT	Glutamatergic
CAGAGCCAGCTCGGCT_2	2368.0	1494	AD2	GSM4775562	CAGAGCCAGCTCGGCT_2	Excit	Glutamatergic	Glutamatergic	Glutamatergic	2368.0	24	GSM4775562	7396	0	Endothelial	0.15	Vascular	Non-neuron
GGCTTTCTCAAGCCTA_17	1047.0	831	NC17	GSM4775580	GGCTTTCTCAAGCCTA_17	Excit	Glutamatergic	Glutamatergic	Glutamatergic	1047.0	25	GSM4775580	7413	0	L2/3-6 IT	0.26	L2/3-6 IT	Glutamatergic
GATGACTGTAGCGTAG_19	2622.0	1456	AD19	GSM4775570	GATGACTGTAGCGTAG_19	Inhit	GABAergic	GABAergic	GABAergic	2622.0	26	GSM4775570	7403	0	PVALB	0.44	MGE	GABAergic
GTTAGACCAACAGCCC_9	1715.0	1153	AD9	GSM4775567	GTTAGACCAACAGCCC_9	Oligo	Oligodendrocyte	Oligodendrocyte lineage	Non-neuron	1715.0	27	GSM4775567	7400	0	Oligodendrocyte	0.41	Oligodendrocyte lineage	Non-neuron
ACTGCAACACAGCCTG_10	8345.0	3278	AD10	GSM4775568	ACTGCAACACAGCCTG_10	Excit	Glutamatergic	Glutamatergic	Glutamatergic	8345.0	28	GSM4775568	7401	0	SST	0.14	MGE	GABAergic
CTGTAGACAGGGAGAG_7	9607.0	4285	NC7	GSM4775574	CTGTAGACAGGGAGAG_7	Excit	Glutamatergic	Glutamatergic	Glutamatergic	9607.0	29	GSM4775574	7407	0	Astrocyte	0.16	Astrocyte	Non-neuron
TTCACGCTCAAGCTGT_19	3078.0	1482	AD19	GSM4775570	TTCACGCTCAAGCTGT_19	Excit	Glutamatergic	Glutamatergic	Glutamatergic	3078.0	30	GSM4775570	7403	0	L6b	0.21	deep layer non-IT	Glutamatergic
GTCAAGTGTTCGGTAT_2	8283.0	3430	AD2	GSM4775562	GTCAAGTGTTCGGTAT_2	Inhit	GABAergic	GABAergic	GABAergic	8283.0	31	GSM4775562	7396	0	LAMP5	0.49	CGE	GABAergic
AGACCCGGTGGTTCTA_12	1946.0	1205	NC12	GSM4775576	AGACCCGGTGGTTCTA_12	Oligo	Oligodendrocyte	Oligodendrocyte lineage	Non-neuron	1946.0	32	GSM4775576	7409	0	Oligodendrocyte	0.39	Oligodendrocyte lineage	Non-neuron
TGCCGAGAGGATGCGT_5	2430.0	1547	AD5	GSM4775564	TGCCGAGAGGATGCGT_5	Astro	Astrocyte	Astrocyte	Non-neuron	2430.0	33	GSM4775564	7398	0	Astrocyte	0.56	Astrocyte	Non-neuron
GTTGTGAAGGTACTGG_14	2121.0	1456	NC14	GSM4775577	GTTGTGAAGGTACTGG_14	Excit	Glutamatergic	Glutamatergic	Glutamatergic	2121.0	34	GSM4775577	7410	0	L2/3-6 IT	0.3	L2/3-6 IT	Glutamatergic
AAACGCTTCTTGAGCA_17	1371.0	982	NC17	GSM4775580	AAACGCTTCTTGAGCA_17	Astro	Astrocyte	Astrocyte	Non-neuron	1371.0	35	GSM4775580	7413	0	Astrocyte	0.44	Astrocyte	Non-neuron
TCTCCGAGTTCCGCGA_8	16773.0	4901	AD8	GSM4775566	TCTCCGAGTTCCGCGA_8	Excit	Glutamatergic	Glutamatergic	Glutamatergic	16773.0	36	GSM4775566	7399	0	L5 ET	0.41	deep layer non-IT	Glutamatergic
CAAGAGGTCTAGTTCT_10	3358.0	2052	AD10	GSM4775568	CAAGAGGTCTAGTTCT_10	Astro	Astrocyte	Astrocyte	Non-neuron	3358.0	37	GSM4775568	7401	0	Astrocyte	0.22	Astrocyte	Non-neuron
CTGCGAGGTTGTATGC_10	2103.0	1330	AD10	GSM4775568	CTGCGAGGTTGTATGC_10	Oligo	Oligodendrocyte	Oligodendrocyte lineage	Non-neuron	2103.0	38	GSM4775568	7401	0	Oligodendrocyte	0.51	Oligodendrocyte lineage	Non-neuron
ACTATGGTCGAGAGAC_5	1944.0	1321	AD5	GSM4775564	ACTATGGTCGAGAGAC_5	Excit	Glutamatergic	Glutamatergic	Glutamatergic	1944.0	39	GSM4775564	7398	0	Oligodendrocyte	0.16	Oligodendrocyte lineage	Non-neuron
GCCAGCAGTTCAGGTT_1	6983.0	2965	AD1	GSM4775561	GCCAGCAGTTCAGGTT_1	Inhit	GABAergic	GABAergic	GABAergic	6983.0	40	GSM4775561	7395	0	CGE	0.32	CGE	GABAergic
AACAACCGTACACTCA_5	760.0	596	AD5	GSM4775564	AACAACCGTACACTCA_5	Oligo	Oligodendrocyte	Oligodendrocyte lineage	Non-neuron	760.0	41	GSM4775564	7398	0	Oligodendrocyte	0.3	Oligodendrocyte lineage	Non-neuron
TATCTTGTCTCGTGGG_11	2538.0	1480	NC11	GSM4775575	TATCTTGTCTCGTGGG_11	Excit	Glutamatergic	Glutamatergic	Glutamatergic	2538.0	42	GSM4775575	7408	0	Oligodendrocyte	0.13	Oligodendrocyte lineage	Non-neuron
ACGATCACAGCTTCCT_19	6318.0	2743	AD19	GSM4775570	ACGATCACAGCTTCCT_19	Astro	Astrocyte	Astrocyte	Non-neuron	6318.0	43	GSM4775570	7403	0	Astrocyte	0.56	Astrocyte	Non-neuron
ATTGGGTAGAGAGAAC_12	7383.0	3290	NC12	GSM4775576	ATTGGGTAGAGAGAAC_12	Excit	Glutamatergic	Glutamatergic	Glutamatergic	7383.0	44	GSM4775576	7409	0	L6b	0.33	deep layer non-IT	Glutamatergic
CTCCCTCGTACCAATC_12	2528.0	1684	NC12	GSM4775576	CTCCCTCGTACCAATC_12	Excit	Glutamatergic	Glutamatergic	Glutamatergic	2528.0	45	GSM4775576	7409	0	L5 ET	0.15	deep layer non-IT	Glutamatergic
CTCAAGAGTAATGCTC_20	1687.0	1169	AD20	GSM4775571	CTCAAGAGTAATGCTC_20	Mic	Microglia	Microglia	Non-neuron	1687.0	46	GSM4775571	7404	0	Microglia	0.55	Microglia	Non-neuron
TCATATCTCTGTCTCG_5	764.0	582	AD5	GSM4775564	TCATATCTCTGTCTCG_5	Oligo	Oligodendrocyte	Oligodendrocyte lineage	Non-neuron	764.0	47	GSM4775564	7398	0	Oligodendrocyte	0.31	Oligodendrocyte lineage	Non-neuron
GTTACCCGTGGGTATG_1	1435.0	908	AD1	GSM4775561	GTTACCCGTGGGTATG_1	Oligo	Oligodendrocyte	Oligodendrocyte lineage	Non-neuron	1435.0	48	GSM4775561	7395	0	Oligodendrocyte	0.32	Oligodendrocyte lineage	Non-neuron
GTTGTCCCAGACTCTA_3	1844.0	1214	NC3	GSM4775573	GTTGTCCCAGACTCTA_3	Mic	Microglia	Microglia	Non-neuron	1844.0	49	GSM4775573	7406	0	Microglia	0.4	Microglia	Non-neuron
CTGATCCCAGATTTCG_17	1488.0	1088	NC17	GSM4775580	CTGATCCCAGATTTCG_17	Excit	Glutamatergic	Glutamatergic	Glutamatergic	1488.0	50	GSM4775580	7413	0	L2/3-6 IT	0.18	L2/3-6 IT	Glutamatergic
GATAGCTCAAGGATGC_19	10545.0	3880	AD19	GSM4775570	GATAGCTCAAGGATGC_19	Excit	Glutamatergic	Glutamatergic	Glutamatergic	10545.0	51	GSM4775570	7403	0	L2/3-6 IT	0.51	L2/3-6 IT	Glutamatergic
TGTTCCGAGTGGTGAC_12	1790.0	1238	NC12	GSM4775576	TGTTCCGAGTGGTGAC_12	Oligo	Oligodendrocyte	Oligodendrocyte lineage	Non-neuron	1790.0	52	GSM4775576	7409	0	Oligodendrocyte	0.29	Oligodendrocyte lineage	Non-neuron
ATGTCTTTCAGCATTG_8	630.0	501	AD8	GSM4775566	ATGTCTTTCAGCATTG_8	Mic	Microglia	Microglia	Non-neuron	630.0	53	GSM4775566	7399	0	Microglia	0.47	Microglia	Non-neuron
CAACGGCCATCAACCA_16	915.0	618	NC16	GSM4775579	CAACGGCCATCAACCA_16	Astro	Astrocyte	Astrocyte	Non-neuron	915.0	54	GSM4775579	7412	0	Astrocyte	0.63	Astrocyte	Non-neuron
AGCATCAAGTATGACA_14	13730.0	4408	NC14	GSM4775577	AGCATCAAGTATGACA_14	Excit	Glutamatergic	Glutamatergic	Glutamatergic	13730.0	55	GSM4775577	7410	0	L2/3-6 IT	0.41	L2/3-6 IT	Glutamatergic
GGAATCTAGGGCTTCC_15	2766.0	1537	NC15	GSM4775578	GGAATCTAGGGCTTCC_15	Inhit	GABAergic	GABAergic	GABAergic	2766.0	56	GSM4775578	7411	0	PVALB	0.23	MGE	GABAergic
TCATTACGTGGCCACT_12	12267.0	3937	NC12	GSM4775576	TCATTACGTGGCCACT_12	Excit	Glutamatergic	Glutamatergic	Glutamatergic	12267.0	57	GSM4775576	7409	0	L6 CT	0.51	deep layer non-IT	Glutamatergic
CCGAACGGTGTTGAGG_15	848.0	615	NC15	GSM4775578	CCGAACGGTGTTGAGG_15	Inhit	GABAergic	GABAergic	GABAergic	848.0	58	GSM4775578	7411	0	VIP	0.18	CGE	GABAergic
CTGATCCCATCCTGTC_18	3586.0	1818	NC18	GSM4775581	CTGATCCCATCCTGTC_18	Oligo	Oligodendrocyte	Oligodendrocyte lineage	Non-neuron	3586.0	59	GSM4775581	7414	0	Oligodendrocyte	0.51	Oligodendrocyte lineage	Non-neuron
TTTATGCCAGAACTTC_21	720.0	483	AD21	GSM4775572	TTTATGCCAGAACTTC_21	Excit	Glutamatergic	Glutamatergic	Glutamatergic	720.0	60	GSM4775572	7405	0	L2/3-6 IT	0.16	L2/3-6 IT	Glutamatergic
ACTTCCGCAGGGAATC_20	2250.0	1270	AD20	GSM4775571	ACTTCCGCAGGGAATC_20	Excit	Glutamatergic	Glutamatergic	Glutamatergic	2250.0	61	GSM4775571	7404	0	OPC	0.78	Oligodendrocyte lineage	Non-neuron
CTAGGTATCGTTCCCA_18	1294.0	949	NC18	GSM4775581	CTAGGTATCGTTCCCA_18	Inhit	GABAergic	GABAergic	GABAergic	1294.0	62	GSM4775581	7414	0	Microglia	0.16	Microglia	Non-neuron
TACACCCGTATTTCGG_15	2694.0	1568	NC15	GSM4775578	TACACCCGTATTTCGG_15	Excit	Glutamatergic	Glutamatergic	Glutamatergic	2694.0	63	GSM4775578	7411	0	SST	0.16	MGE	GABAergic
GAAATGACAGCTGAGA_10	2932.0	1688	AD10	GSM4775568	GAAATGACAGCTGAGA_10	Excit	Glutamatergic	Glutamatergic	Glutamatergic	2932.0	64	GSM4775568	7401	0	OPC	0.82	Oligodendrocyte lineage	Non-neuron
TGAGCGCCAGCCTATA_20	1035.0	744	AD20	GSM4775571	TGAGCGCCAGCCTATA_20	Oligo	Oligodendrocyte	Oligodendrocyte lineage	Non-neuron	1035.0	65	GSM4775571	7404	0	Oligodendrocyte	0.44	Oligodendrocyte lineage	Non-neuron
AAGCCATAGCACCTGC_5	3280.0	1774	AD5	GSM4775564	AAGCCATAGCACCTGC_5	Excit	Glutamatergic	Glutamatergic	Glutamatergic	3280.0	66	GSM4775564	7398	0	L2/3-6 IT	0.32	L2/3-6 IT	Glutamatergic
AATTCCTGTAGACGGT_12	2751.0	1706	NC12	GSM4775576	AATTCCTGTAGACGGT_12	Oligo	Oligodendrocyte	Oligodendrocyte lineage	Non-neuron	2751.0	67	GSM4775576	7409	0	Oligodendrocyte	0.48	Oligodendrocyte lineage	Non-neuron
ACATTTCAGTCCCAAT_20	1992.0	1233	AD20	GSM4775571	ACATTTCAGTCCCAAT_20	Astro	Astrocyte	Astrocyte	Non-neuron	1992.0	68	GSM4775571	7404	0	Astrocyte	0.61	Astrocyte	Non-neuron
CAACAGTGTAGAGACC_3	8766.0	3353	NC3	GSM4775573	CAACAGTGTAGAGACC_3	Excit	Glutamatergic	Glutamatergic	Glutamatergic	8766.0	69	GSM4775573	7406	0	L2/3-6 IT	0.35	L2/3-6 IT	Glutamatergic
CGTTCTGTCGAATGCT_18	1202.0	908	NC18	GSM4775581	CGTTCTGTCGAATGCT_18	Oligo	Oligodendrocyte	Oligodendrocyte lineage	Non-neuron	1202.0	70	GSM4775581	7414	0	Oligodendrocyte	0.27	Oligodendrocyte lineage	Non-neuron
AGGAATACAGCGGATA_8	1008.0	688	AD8	GSM4775566	AGGAATACAGCGGATA_8	Oligo	Oligodendrocyte	Oligodendrocyte lineage	Non-neuron	1008.0	71	GSM4775566	7399	0	Oligodendrocyte	0.36	Oligodendrocyte lineage	Non-neuron
CCCGAAGCATCGAACT_5	1586.0	1193	AD5	GSM4775564	CCCGAAGCATCGAACT_5	Excit	Glutamatergic	Glutamatergic	Glutamatergic	1586.0	72	GSM4775564	7398	0	L2/3-6 IT	0.35	L2/3-6 IT	Glutamatergic
TTACAGGTCTTCGTGC_10	12403.0	4466	AD10	GSM4775568	TTACAGGTCTTCGTGC_10	Excit	Glutamatergic	Glutamatergic	Glutamatergic	12403.0	73	GSM4775568	7401	0	L2/3-6 IT	0.17	L2/3-6 IT	Glutamatergic
ATTCTACGTATTTCCT_21	2018.0	1294	AD21	GSM4775572	ATTCTACGTATTTCCT_21	Endo	Endothelial	Vascular	Non-neuron	2018.0	74	GSM4775572	7405	0	VLMC	0.34	Vascular	Non-neuron
TTGTGTTCACGCTGCA_21	6135.0	3134	AD21	GSM4775572	TTGTGTTCACGCTGCA_21	Excit	Glutamatergic	Glutamatergic	Glutamatergic	6135.0	75	GSM4775572	7405	0	L2/3-6 IT	0.23	L2/3-6 IT	Glutamatergic
CATAAGCAGGCCGCTT_10	967.0	584	AD10	GSM4775568	CATAAGCAGGCCGCTT_10	Excit	Glutamatergic	Glutamatergic	Glutamatergic	967.0	76	GSM4775568	7401	0	L2/3-6 IT	0.23	L2/3-6 IT	Glutamatergic
CACACAACAAACGAGC_5	1220.0	880	AD5	GSM4775564	CACACAACAAACGAGC_5	Oligo	Oligodendrocyte	Oligodendrocyte lineage	Non-neuron	1220.0	77	GSM4775564	7398	0	Oligodendrocyte	0.58	Oligodendrocyte lineage	Non-neuron
TCATATCAGTTTCGAC_17	3103.0	1844	NC17	GSM4775580	TCATATCAGTTTCGAC_17	Oligo	Oligodendrocyte	Oligodendrocyte lineage	Non-neuron	3103.0	78	GSM4775580	7413	0	Oligodendrocyte	0.62	Oligodendrocyte lineage	Non-neuron
TTACCGCGTGGGCTTC_20	2946.0	1606	AD20	GSM4775571	TTACCGCGTGGGCTTC_20	Excit	Glutamatergic	Glutamatergic	Glutamatergic	2946.0	79	GSM4775571	7404	0	Oligodendrocyte	0.1	Oligodendrocyte lineage	Non-neuron
ATTCACTAGCGATGAC_9	1889.0	1213	AD9	GSM4775567	ATTCACTAGCGATGAC_9	Excit	Glutamatergic	Glutamatergic	Glutamatergic	1889.0	80	GSM4775567	7400	0	L5/6 NP	0.13	deep layer non-IT	Glutamatergic
GTTGTCCGTGTCCATA_17	2572.0	1668	NC17	GSM4775580	GTTGTCCGTGTCCATA_17	Excit	Glutamatergic	Glutamatergic	Glutamatergic	2572.0	81	GSM4775580	7413	0	OPC	0.72	Oligodendrocyte lineage	Non-neuron
ATTCACTCATATCTCT_16	1718.0	1011	NC16	GSM4775579	ATTCACTCATATCTCT_16	Oligo	Oligodendrocyte	Oligodendrocyte lineage	Non-neuron	1718.0	82	GSM4775579	7412	0	Oligodendrocyte	0.47	Oligodendrocyte lineage	Non-neuron
TTACTGTGTTTACGAC_13	5037.0	2177	AD13	GSM4775569	TTACTGTGTTTACGAC_13	Inhit	GABAergic	GABAergic	GABAergic	5037.0	83	GSM4775569	7402	0	PVALB	0.38	MGE	GABAergic
TAATTCCCAACCGTAT_18	2500.0	1288	NC18	GSM4775581	TAATTCCCAACCGTAT_18	Oligo	Oligodendrocyte	Oligodendrocyte lineage	Non-neuron	2500.0	84	GSM4775581	7414	0	Oligodendrocyte	0.58	Oligodendrocyte lineage	Non-neuron
GGCACGTAGGTCATTC_5	2622.0	1728	AD5	GSM4775564	GGCACGTAGGTCATTC_5	Excit	Glutamatergic	Glutamatergic	Glutamatergic	2622.0	85	GSM4775564	7398	0	OPC	0.65	Oligodendrocyte lineage	Non-neuron
GAGGCAAAGTGGAAAG_19	2668.0	1785	AD19	GSM4775570	GAGGCAAAGTGGAAAG_19	Mic	Microglia	Microglia	Non-neuron	2668.0	86	GSM4775570	7403	0	Microglia	0.61	Microglia	Non-neuron
GGAACCCCACAATCTG_5	1964.0	1284	AD5	GSM4775564	GGAACCCCACAATCTG_5	Oligo	Oligodendrocyte	Oligodendrocyte lineage	Non-neuron	1964.0	87	GSM4775564	7398	0	Oligodendrocyte	0.29	Oligodendrocyte lineage	Non-neuron
TCCTAATTCTTTCAGT_13	915.0	625	AD13	GSM4775569	TCCTAATTCTTTCAGT_13	Excit	Glutamatergic	Glutamatergic	Glutamatergic	915.0	88	GSM4775569	7402	0	OPC	0.62	Oligodendrocyte lineage	Non-neuron
GTCAAACAGCTACTGT_1	3612.0	1861	AD1	GSM4775561	GTCAAACAGCTACTGT_1	Excit	Glutamatergic	Glutamatergic	Glutamatergic	3612.0	89	GSM4775561	7395	0	Endothelial	0.17	Vascular	Non-neuron
CATCGGGGTTAGCTAC_3	875.0	688	NC3	GSM4775573	CATCGGGGTTAGCTAC_3	Mic	Microglia	Microglia	Non-neuron	875.0	90	GSM4775573	7406	0	Microglia	0.55	Microglia	Non-neuron
TTTGGAGCAAGTTTGC_12	1807.0	1310	NC12	GSM4775576	TTTGGAGCAAGTTTGC_12	Oligo	Oligodendrocyte	Oligodendrocyte lineage	Non-neuron	1807.0	91	GSM4775576	7409	0	L2/3-6 IT	0.14	L2/3-6 IT	Glutamatergic
TGATTTCGTTTGCCGG_18	5518.0	2671	NC18	GSM4775581	TGATTTCGTTTGCCGG_18	Inhit	GABAergic	GABAergic	GABAergic	5518.0	92	GSM4775581	7414	0	Oligodendrocyte	0.14	Oligodendrocyte lineage	Non-neuron
ATCACGAGTCATCCCT_10	13114.0	4328	AD10	GSM4775568	ATCACGAGTCATCCCT_10	Excit	Glutamatergic	Glutamatergic	Glutamatergic	13114.0	93	GSM4775568	7401	0	L2/3-6 IT	0.28	L2/3-6 IT	Glutamatergic
TGTTCTAGTGAGGATC_18	7967.0	3597	NC18	GSM4775581	TGTTCTAGTGAGGATC_18	Excit	Glutamatergic	Glutamatergic	Glutamatergic	7967.0	94	GSM4775581	7414	0	OPC	0.82	Oligodendrocyte lineage	Non-neuron
CTTTCAACACCAGTAT_9	12260.0	4589	AD9	GSM4775567	CTTTCAACACCAGTAT_9	Excit	Glutamatergic	Glutamatergic	Glutamatergic	12260.0	95	GSM4775567	7400	0	Astrocyte	0.19	Astrocyte	Non-neuron
AGGGTGAAGCTAGCCC_12	1042.0	766	NC12	GSM4775576	AGGGTGAAGCTAGCCC_12	Oligo	Oligodendrocyte	Oligodendrocyte lineage	Non-neuron	1042.0	96	GSM4775576	7409	0	SST	0.14	MGE	GABAergic
GTCGTAATCACAATGC_10	738.0	583	AD10	GSM4775568	GTCGTAATCACAATGC_10	Excit	Glutamatergic	Glutamatergic	Glutamatergic	738.0	97	GSM4775568	7401	0	L2/3-6 IT	0.18	L2/3-6 IT	Glutamatergic
TCAGTCCAGCAACCAG_10	19454.0	5967	AD10	GSM4775568	TCAGTCCAGCAACCAG_10	Excit	Glutamatergic	Glutamatergic	Glutamatergic	19454.0	98	GSM4775568	7401	0	L6b	0.17	deep layer non-IT	Glutamatergic
GGAATGGTCGCGGTAC_4	1414.0	935	AD4	GSM4775563	GGAATGGTCGCGGTAC_4	Oligo	Oligodendrocyte	Oligodendrocyte lineage	Non-neuron	1414.0	99	GSM4775563	7397	0	Oligodendrocyte	0.55	Oligodendrocyte lineage	Non-neuron
