orig.ident	nCount_RNA	nFeature_RNA	cell	cluster	sample	individual	region	age	sex	diagnosis	Capbatch	Seqbatch	post.mortem.interval..hours.	RNA.Integrity.Number	genes	UMIs	RNA.mitochondr..percent	RNA.ribosomal.percent	subclass	class	family	n_counts	joinid	batch	_scvi_batch	_scvi_labels	predicted_subclass	confidence	predicted_class	predicted_family
0	1128.0	845	TGGCCAGTCAGGTAAA-1_5387_BA9	OPC	5387_BA9	5387	PFC	12	M	Control	CB6	SB2	13	7.6	845	1128	0.8865248	1.3297872	OPC	Oligodendrocyte lineage	Non-neuron	1128.0	0	5387_BA9	7399	0	OPC	0.23	Oligodendrocyte lineage	Non-neuron
0	1166.0	871	CAAGGCCAGAATAGGG-1_4341_BA46	OPC	4341_BA46	4341	PFC	13	M	Control	CB6	SB2	16	7.2	871	1166	0.3430532	1.6295026	OPC	Oligodendrocyte lineage	Non-neuron	1166.0	1	4341_BA46	7395	0	OPC	0.22	Oligodendrocyte lineage	Non-neuron
0	1006.0	715	AGGGAGTGTCCTCTTG-1_5978_BA9	OPC	5978_BA9	5978	PFC	11	M	ASD	CB7	SB2	21	6.5	715	1006	0.0994036	0.4970179	OPC	Oligodendrocyte lineage	Non-neuron	1006.0	2	5978_BA9	7413	0	OPC	0.25	Oligodendrocyte lineage	Non-neuron
0	2819.0	1753	GCTGCGACAGGCAGTA-1_5893_PFC	OPC	5893_PFC	5893	PFC	19	M	Control	CB2	SB1	11	8.0	1753	2819	0.1064207	0.9223129	OPC	Oligodendrocyte lineage	Non-neuron	2819.0	3	5893_PFC	7408	0	OPC	0.36	Oligodendrocyte lineage	Non-neuron
0	972.0	712	TACGGTAAGTACGTAA-1_5419_PFC	Oligodendrocytes	5419_PFC	5419	PFC	19	F	ASD	CB2	SB1	22	7.3	712	972	1.0288066	0.308642	Oligodendrocyte	Oligodendrocyte lineage	Non-neuron	972.0	4	5419_PFC	7400	0	Oligodendrocyte	0.32	Oligodendrocyte lineage	Non-neuron
0	1816.0	977	CGTCAGGCATCCCATC-1_5936_PFC_Nova	Neu-mat	5936_PFC_Nova	5936	PFC	14	F	Control	CB1	SB1	23	8.0	977	1816	0.1101322	0.3303965	Glutamatergic	Glutamatergic	Glutamatergic	1816.0	5	5936_PFC_Nova	7409	0	PVALB	0.14	MGE	GABAergic
0	1526.0	954	TTCTACAGTTTGACAC-1_5893_PFC	Oligodendrocytes	5893_PFC	5893	PFC	19	M	Control	CB2	SB1	11	8.0	954	1526	0.7208388	0.5897772	Oligodendrocyte	Oligodendrocyte lineage	Non-neuron	1526.0	6	5893_PFC	7408	0	Oligodendrocyte	0.35	Oligodendrocyte lineage	Non-neuron
0	4251.0	2330	GGCAATTTCTACCAGA-1_5939_BA9	IN-VIP	5939_BA9	5939	PFC	21	M	ASD	CB6	SB2	22	7.4	2330	4251	1.5760997	0.7527641	VIP	CGE	GABAergic	4251.0	7	5939_BA9	7410	0	VIP	0.29	CGE	GABAergic
0	5001.0	2366	TCATTACGTACTCTCC-1_5939_BA9	L2/3	5939_BA9	5939	PFC	21	M	ASD	CB6	SB2	22	7.4	2366	5001	1.3597281	0.459908	L2/3-6 IT	L2/3-6 IT	Glutamatergic	5001.0	8	5939_BA9	7410	0	VIP	0.23	CGE	GABAergic
0	1347.0	891	CGTGTAAAGGGTTTCT-1_5419_PFC	Oligodendrocytes	5419_PFC	5419	PFC	19	F	ASD	CB2	SB1	22	7.3	891	1347	0.074239	1.55902	Oligodendrocyte	Oligodendrocyte lineage	Non-neuron	1347.0	9	5419_PFC	7400	0	Oligodendrocyte	0.34	Oligodendrocyte lineage	Non-neuron
0	1929.0	1268	CAGCTAACAATGTAAG-1_5387_BA9	OPC	5387_BA9	5387	PFC	12	M	Control	CB6	SB2	13	7.6	1268	1929	0.7257646	0.5184033	OPC	Oligodendrocyte lineage	Non-neuron	1929.0	10	5387_BA9	7399	0	OPC	0.25	Oligodendrocyte lineage	Non-neuron
0	620.0	536	TCTGAGAGTGACCAAG-1_5841_BA9	Neu-NRGN-II	5841_BA9	5841	PFC	12	M	ASD	CB6	SB2	15	8.4	536	620	2.5806452	0.6451613	Glutamatergic	Glutamatergic	Glutamatergic	620.0	11	5841_BA9	7405	0	Oligodendrocyte	0.19	Oligodendrocyte lineage	Non-neuron
0	2494.0	1537	ACTGATGAGAAGGCCT-1_5936_PFC_Nova	AST-PP	5936_PFC_Nova	5936	PFC	14	F	Control	CB1	SB1	23	8.0	1537	2494	0.1202887	1.2028869	Astrocyte	Astrocyte	Non-neuron	2494.0	12	5936_PFC_Nova	7409	0	Astrocyte	0.26	Astrocyte	Non-neuron
0	853.0	701	GTTCGGGTCGGCTTGG-1_5387_BA9	Neu-mat	5387_BA9	5387	PFC	12	M	Control	CB6	SB2	13	7.6	701	853	2.2274326	0.3516999	Glutamatergic	Glutamatergic	Glutamatergic	853.0	13	5387_BA9	7399	0	SST	0.14	MGE	GABAergic
0	1125.0	804	CGATGGCTCAGTTTGG-1_5939_BA9	AST-PP	5939_BA9	5939	PFC	21	M	ASD	CB6	SB2	22	7.4	804	1125	1.6888889	0.2666667	Astrocyte	Astrocyte	Non-neuron	1125.0	14	5939_BA9	7410	0	Astrocyte	0.22	Astrocyte	Non-neuron
0	5088.0	2740	CGAGCCAGTTCCCGAG-1_5939_BA9	L4	5939_BA9	5939	PFC	21	M	ASD	CB6	SB2	22	7.4	2740	5088	2.240566	0.5896226	L2/3-6 IT	L2/3-6 IT	Glutamatergic	5088.0	15	5939_BA9	7410	0	L2/3-6 IT	0.19	L2/3-6 IT	Glutamatergic
0	896.0	641	TACGGTAGTGTGACCC-1_5939_BA9	AST-PP	5939_BA9	5939	PFC	21	M	ASD	CB6	SB2	22	7.4	641	896	2.2321429	0.1116071	Astrocyte	Astrocyte	Non-neuron	896.0	16	5939_BA9	7410	0	Astrocyte	0.25	Astrocyte	Non-neuron
0	1746.0	1221	TGACTAGGTAACGCGA-1_4341_BA46	Neu-mat	4341_BA46	4341	PFC	13	M	Control	CB6	SB2	16	7.2	1221	1746	0.6300115	2.0045819	Glutamatergic	Glutamatergic	Glutamatergic	1746.0	17	4341_BA46	7395	0	Oligodendrocyte	0.2	Oligodendrocyte lineage	Non-neuron
0	971.0	637	TAAGCGTCACAACGCC-1_5958_BA9	AST-FB	5958_BA9	5958	PFC	22	M	Control	CB7	SB2	24	7.6	637	971	0.1029866	1.6477858	Astrocyte	Astrocyte	Non-neuron	971.0	18	5958_BA9	7412	0	L2/3-6 IT	0.3	L2/3-6 IT	Glutamatergic
0	1450.0	1030	GACTGCGAGGGCTTCC-1_5939_BA9	IN-SST	5939_BA9	5939	PFC	21	M	ASD	CB6	SB2	22	7.4	1030	1450	3.2413793	0.2758621	SST	MGE	GABAergic	1450.0	19	5939_BA9	7410	0	SST	0.21	MGE	GABAergic
0	7815.0	3529	GGAATAACACACCGCA-1_5841_BA9	L2/3	5841_BA9	5841	PFC	12	M	ASD	CB6	SB2	15	8.4	3529	7815	0.5502239	0.7933461	L2/3-6 IT	L2/3-6 IT	Glutamatergic	7815.0	20	5841_BA9	7405	0	VIP	0.23	CGE	GABAergic
0	756.0	590	TGCTGCTTCTCGCTTG-1_5893_PFC	Neu-mat	5893_PFC	5893	PFC	19	M	Control	CB2	SB1	11	8.0	590	756	0.5291005	0.9259259	Glutamatergic	Glutamatergic	Glutamatergic	756.0	21	5893_PFC	7408	0	L2/3-6 IT	0.27	L2/3-6 IT	Glutamatergic
0	15540.0	5029	TAGTGGTTCGCAAGCC-1_5278_PFC	L2/3	5278_PFC	5278	PFC	15	F	ASD	CB1	SB1	13	9.0	5030	15541	0.1801686	0.4568561	L2/3-6 IT	L2/3-6 IT	Glutamatergic	15540.0	22	5278_PFC	7397	0	SST	0.15	MGE	GABAergic
0	12091.0	5319	GACGTGCAGCGTAATA-1_5538_PFC_Nova	L4	5538_PFC_Nova	5538	PFC	19	F	Control	CB2	SB1	24	8.3	5319	12091	0.107518	1.3646514	L2/3-6 IT	L2/3-6 IT	Glutamatergic	12091.0	23	5538_PFC_Nova	7402	0	SST	0.11	MGE	GABAergic
0	797.0	574	CTAGTGAAGACCGGAT-1_5419_PFC	Oligodendrocytes	5419_PFC	5419	PFC	19	F	ASD	CB2	SB1	22	7.3	574	797	0.250941	0.7528231	Oligodendrocyte	Oligodendrocyte lineage	Non-neuron	797.0	24	5419_PFC	7400	0	Oligodendrocyte	0.34	Oligodendrocyte lineage	Non-neuron
0	675.0	532	GCATACACATAGTAAG-1_5978_BA9	Neu-NRGN-II	5978_BA9	5978	PFC	11	M	ASD	CB7	SB2	21	6.5	532	675	4.1481481	0.1481481	Glutamatergic	Glutamatergic	Glutamatergic	675.0	25	5978_BA9	7413	0	Oligodendrocyte	0.15	Oligodendrocyte lineage	Non-neuron
0	912.0	736	AGCGTCGCAGTACACT-1_5841_BA9	AST-FB	5841_BA9	5841	PFC	12	M	ASD	CB6	SB2	15	8.4	736	912	0.877193	2.3026316	Astrocyte	Astrocyte	Non-neuron	912.0	26	5841_BA9	7405	0	L2/3-6 IT	0.24	L2/3-6 IT	Glutamatergic
0	13491.0	5025	CTTAACTCACCAGCAC-1_5879_PFC_Nova	IN-SST	5879_PFC_Nova	5879	PFC	15	M	Control	CB1	SB1	18	7.5	5026	13492	0.3854136	0.8227098	SST	MGE	GABAergic	13491.0	27	5879_PFC_Nova	7407	0	SST	0.37	MGE	GABAergic
0	1131.0	781	GAAGCAGTCGCGTAGC-1_5419_PFC	Oligodendrocytes	5419_PFC	5419	PFC	19	F	ASD	CB2	SB1	22	7.3	781	1131	0.4420866	0.1768347	Oligodendrocyte	Oligodendrocyte lineage	Non-neuron	1131.0	28	5419_PFC	7400	0	Oligodendrocyte	0.33	Oligodendrocyte lineage	Non-neuron
0	2277.0	1380	GCACTCTCACTATCTT-1_5565_BA9	OPC	5565_BA9	5565	PFC	12	M	ASD	CB7	SB2	22	6.9	1380	2277	0.0878349	0.4830918	OPC	Oligodendrocyte lineage	Non-neuron	2277.0	29	5565_BA9	7403	0	OPC	0.33	Oligodendrocyte lineage	Non-neuron
0	15946.0	4986	GTCAAGTGTTCATGGT-1_5531_BA9	L5/6-CC	5531_BA9	5531	PFC	15	M	ASD	CB6	SB2	32	8.5	4988	15948	0.4514673	0.5079007	L2/3-6 IT	L2/3-6 IT	Glutamatergic	15946.0	30	5531_BA9	7401	0	L2/3-6 IT	0.29	L2/3-6 IT	Glutamatergic
0	3696.0	1960	TTAGTTCGTTATCACG-1_5531_BA9	IN-VIP	5531_BA9	5531	PFC	15	M	ASD	CB6	SB2	32	8.5	1960	3696	1.1904762	0.784632	VIP	CGE	GABAergic	3696.0	31	5531_BA9	7401	0	CGE	0.15	CGE	GABAergic
0	2057.0	1188	CTCACACCAATGGATA-1_5144_PFC	OPC	5144_PFC	5144	PFC	7	M	ASD	CB1	SB1	3	8.0	1188	2057	0.1458435	0.6319883	OPC	Oligodendrocyte lineage	Non-neuron	2057.0	32	5144_PFC	7396	0	OPC	0.42	Oligodendrocyte lineage	Non-neuron
0	2631.0	1529	TGCGTGGCATTTCACT-1_5958_BA9	OPC	5958_BA9	5958	PFC	22	M	Control	CB7	SB2	24	7.6	1529	2631	0.0	0.4561003	OPC	Oligodendrocyte lineage	Non-neuron	2631.0	33	5958_BA9	7412	0	OPC	0.23	Oligodendrocyte lineage	Non-neuron
0	21364.0	6922	GACGTGCGTCTAAACC-1_5841_BA9	L2/3	5841_BA9	5841	PFC	12	M	ASD	CB6	SB2	15	8.4	6924	21366	0.1497707	0.9033043	L2/3-6 IT	L2/3-6 IT	Glutamatergic	21364.0	34	5841_BA9	7405	0	L2/3-6 IT	0.16	L2/3-6 IT	Glutamatergic
0	24228.0	7266	AACCGCGAGTGCCATT-1_5841_BA9	IN-SST	5841_BA9	5841	PFC	12	M	ASD	CB6	SB2	15	8.4	7267	24229	1.2134219	0.6851294	SST	MGE	GABAergic	24228.0	35	5841_BA9	7405	0	PVALB	0.16	MGE	GABAergic
0	775.0	625	TCAGGTAAGACAAGCC-1_5565_BA9	Neu-NRGN-II	5565_BA9	5565	PFC	12	M	ASD	CB7	SB2	22	6.9	625	775	3.8709677	0.7741935	Glutamatergic	Glutamatergic	Glutamatergic	775.0	36	5565_BA9	7403	0	SST	0.17	MGE	GABAergic
0	10795.0	4454	CGTCTACTCGTACCGG-1_5958_BA9	L4	5958_BA9	5958	PFC	22	M	Control	CB7	SB2	24	7.6	4454	10795	0.3149606	0.4631774	L2/3-6 IT	L2/3-6 IT	Glutamatergic	10795.0	37	5958_BA9	7412	0	L6 CT	0.18	deep layer non-IT	Glutamatergic
0	7601.0	3232	CAGTCCTCAGACGCAA-1_5939_BA9	L2/3	5939_BA9	5939	PFC	21	M	ASD	CB6	SB2	22	7.4	3232	7601	1.2366794	0.2236548	L2/3-6 IT	L2/3-6 IT	Glutamatergic	7601.0	38	5939_BA9	7410	0	VIP	0.22	CGE	GABAergic
0	12249.0	5178	GTCTCGTAGTATTGGA-1_5879_PFC_Nova	L2/3	5879_PFC_Nova	5879	PFC	15	M	Control	CB1	SB1	18	7.5	5178	12249	0.2040983	0.4490162	L2/3-6 IT	L2/3-6 IT	Glutamatergic	12249.0	39	5879_PFC_Nova	7407	0	SST	0.15	MGE	GABAergic
0	29425.0	7386	CTCATTACACCAGGTC-1_5841_BA9	L2/3	5841_BA9	5841	PFC	12	M	ASD	CB6	SB2	15	8.4	7386	29425	0.2548853	0.3670348	L2/3-6 IT	L2/3-6 IT	Glutamatergic	29425.0	40	5841_BA9	7405	0	Oligodendrocyte	0.14	Oligodendrocyte lineage	Non-neuron
0	2004.0	1262	GGACAAGGTGTTAAGA-1_5538_PFC_Nova	Oligodendrocytes	5538_PFC_Nova	5538	PFC	19	F	Control	CB2	SB1	24	8.3	1262	2004	0.3992016	1.3473054	Oligodendrocyte	Oligodendrocyte lineage	Non-neuron	2004.0	41	5538_PFC_Nova	7402	0	Oligodendrocyte	0.3	Oligodendrocyte lineage	Non-neuron
0	783.0	661	AGCTTGAGTTCACGGC-1_5958_BA9	Neu-NRGN-II	5958_BA9	5958	PFC	22	M	Control	CB7	SB2	24	7.6	661	783	1.9157088	1.1494253	Glutamatergic	Glutamatergic	Glutamatergic	783.0	42	5958_BA9	7412	0	Oligodendrocyte	0.17	Oligodendrocyte lineage	Non-neuron
0	6413.0	2907	CTAACTTAGCGTTCCG-1_5278_PFC	L4	5278_PFC	5278	PFC	15	F	ASD	CB1	SB1	13	9.0	2907	6413	0.1091533	0.7484797	L2/3-6 IT	L2/3-6 IT	Glutamatergic	6413.0	43	5278_PFC	7397	0	Oligodendrocyte	0.17	Oligodendrocyte lineage	Non-neuron
0	1092.0	833	CCCTCCTTCGCGGATC-1_5577_BA9	Microglia	5577_BA9	5577	PFC	21	M	Control	CB6	SB2	19	8.6	833	1092	0.3663004	0.9157509	Microglia	Microglia	Non-neuron	1092.0	44	5577_BA9	7404	0	Microglia	0.21	Microglia	Non-neuron
0	732.0	582	CGTCAGGGTGGCTCCA-1_5841_BA9	Neu-mat	5841_BA9	5841	PFC	12	M	ASD	CB6	SB2	15	8.4	582	732	0.6830601	0.6830601	Glutamatergic	Glutamatergic	Glutamatergic	732.0	45	5841_BA9	7405	0	L2/3-6 IT	0.19	L2/3-6 IT	Glutamatergic
0	693.0	574	CACAGTACAGGTCTCG-1_5387_BA9	Neu-NRGN-II	5387_BA9	5387	PFC	12	M	Control	CB6	SB2	13	7.6	574	693	0.8658009	3.3189033	Glutamatergic	Glutamatergic	Glutamatergic	693.0	46	5387_BA9	7399	0	CGE	0.14	CGE	GABAergic
0	5976.0	2971	GGAATAAAGACGACGT-1_5144_PFC	IN-SV2C	5144_PFC	5144	PFC	7	M	ASD	CB1	SB1	3	8.0	2971	5976	1.4056225	0.8534137	LAMP5	CGE	GABAergic	5976.0	47	5144_PFC	7396	0	LAMP5	0.33	CGE	GABAergic
0	2811.0	1647	CTTAGGACACGGCGTT-1_5144_PFC	IN-VIP	5144_PFC	5144	PFC	7	M	ASD	CB1	SB1	3	8.0	1647	2811	1.9210245	1.1383849	VIP	CGE	GABAergic	2811.0	48	5144_PFC	7396	0	VIP	0.22	CGE	GABAergic
0	2609.0	1601	CCACTACGTTAGTGGG-1_5577_BA9	OPC	5577_BA9	5577	PFC	21	M	Control	CB6	SB2	19	8.6	1601	2609	0.1533154	0.8049061	OPC	Oligodendrocyte lineage	Non-neuron	2609.0	49	5577_BA9	7404	0	OPC	0.37	Oligodendrocyte lineage	Non-neuron
0	998.0	793	GACAGAGCAAAGAATC-1_5565_BA9	AST-FB	5565_BA9	5565	PFC	12	M	ASD	CB7	SB2	22	6.9	793	998	0.4008016	0.501002	Astrocyte	Astrocyte	Non-neuron	998.0	50	5565_BA9	7403	0	Astrocyte	0.2	Astrocyte	Non-neuron
0	1148.0	832	ACACCAAGTTCCTCCA-1_5936_PFC_Nova	Neu-NRGN-I	5936_PFC_Nova	5936	PFC	14	F	Control	CB1	SB1	23	8.0	832	1148	1.2195122	1.1324042	Glutamatergic	Glutamatergic	Glutamatergic	1148.0	51	5936_PFC_Nova	7409	0	LAMP5	0.22	CGE	GABAergic
0	10477.0	4613	ACGGCCAGTGTTGAGG-1_5538_PFC_Nova	L4	5538_PFC_Nova	5538	PFC	19	F	Control	CB2	SB1	24	8.3	4613	10477	0.1527155	2.3480004	L2/3-6 IT	L2/3-6 IT	Glutamatergic	10477.0	52	5538_PFC_Nova	7402	0	L6 CT	0.19	deep layer non-IT	Glutamatergic
0	857.0	609	GTGTGCGAGCTAGTGG-1_5958_BA9	AST-FB	5958_BA9	5958	PFC	22	M	Control	CB7	SB2	24	7.6	609	857	0.1166861	2.2170362	Astrocyte	Astrocyte	Non-neuron	857.0	53	5958_BA9	7412	0	Astrocyte	0.24	Astrocyte	Non-neuron
0	8016.0	3775	GGGTTGCGTGCCTGGT-1_5278_PFC	L2/3	5278_PFC	5278	PFC	15	F	ASD	CB1	SB1	13	9.0	3775	8016	0.3742515	0.4740519	L2/3-6 IT	L2/3-6 IT	Glutamatergic	8016.0	54	5278_PFC	7397	0	Oligodendrocyte	0.13	Oligodendrocyte lineage	Non-neuron
0	1642.0	1144	GGGACCTCAAAGCGGT-1_5538_PFC_Nova	OPC	5538_PFC_Nova	5538	PFC	19	F	Control	CB2	SB1	24	8.3	1144	1642	0.2436054	1.7052375	OPC	Oligodendrocyte lineage	Non-neuron	1642.0	55	5538_PFC_Nova	7402	0	OPC	0.2	Oligodendrocyte lineage	Non-neuron
0	939.0	749	TGAGGGATCTGTGCAA-1_5387_BA9	Neu-NRGN-II	5387_BA9	5387	PFC	12	M	Control	CB6	SB2	13	7.6	749	939	2.6624068	2.2364217	Glutamatergic	Glutamatergic	Glutamatergic	939.0	56	5387_BA9	7399	0	L2/3-6 IT	0.18	L2/3-6 IT	Glutamatergic
0	1342.0	914	CTGGTCTAGAACAATC-1_5841_BA9	AST-FB	5841_BA9	5841	PFC	12	M	ASD	CB6	SB2	15	8.4	914	1342	0.2980626	0.7451565	Astrocyte	Astrocyte	Non-neuron	1342.0	57	5841_BA9	7405	0	Astrocyte	0.18	Astrocyte	Non-neuron
0	2919.0	1726	CTACACCGTAGCCTAT-1_5538_PFC_Nova	OPC	5538_PFC_Nova	5538	PFC	19	F	Control	CB2	SB1	24	8.3	1726	2919	0.4796163	0.5823912	OPC	Oligodendrocyte lineage	Non-neuron	2919.0	58	5538_PFC_Nova	7402	0	OPC	0.32	Oligodendrocyte lineage	Non-neuron
0	17071.0	5440	CCTATTAAGCACACAG-1_5864_BA9	L5/6-CC	5864_BA9	5864	PFC	20	M	ASD	CB7	SB2	42	7.7	5440	17071	0.6150782	0.4510573	L2/3-6 IT	L2/3-6 IT	Glutamatergic	17071.0	59	5864_BA9	7406	0	L2/3-6 IT	0.37	L2/3-6 IT	Glutamatergic
0	904.0	707	TAGTTGGAGGCGATAC-1_5419_PFC	OPC	5419_PFC	5419	PFC	19	F	ASD	CB2	SB1	22	7.3	707	904	0.1106195	0.5530973	OPC	Oligodendrocyte lineage	Non-neuron	904.0	60	5419_PFC	7400	0	OPC	0.21	Oligodendrocyte lineage	Non-neuron
0	2004.0	1240	GAAGCAGGTCTCAACA-1_4341_BA46	OPC	4341_BA46	4341	PFC	13	M	Control	CB6	SB2	16	7.2	1240	2004	0.3493014	0.3493014	OPC	Oligodendrocyte lineage	Non-neuron	2004.0	61	4341_BA46	7395	0	OPC	0.39	Oligodendrocyte lineage	Non-neuron
0	11423.0	4543	ACTTACTTCGCGTAGC-1_5538_PFC_Nova	L2/3	5538_PFC_Nova	5538	PFC	19	F	Control	CB2	SB1	24	8.3	4543	11423	0.1925939	0.8141469	L2/3-6 IT	L2/3-6 IT	Glutamatergic	11423.0	62	5538_PFC_Nova	7402	0	Oligodendrocyte	0.15	Oligodendrocyte lineage	Non-neuron
0	11445.0	4490	GCGCCAACACAGATTC-1_5387_BA9	L4	5387_BA9	5387	PFC	12	M	Control	CB6	SB2	13	7.6	4490	11445	0.3931848	0.873744	L2/3-6 IT	L2/3-6 IT	Glutamatergic	11445.0	63	5387_BA9	7399	0	L2/3-6 IT	0.27	L2/3-6 IT	Glutamatergic
0	833.0	644	GCCAAATTCCTCCTAG-1_5936_PFC_Nova	Oligodendrocytes	5936_PFC_Nova	5936	PFC	14	F	Control	CB1	SB1	23	8.0	644	833	0.120048	1.2004802	Oligodendrocyte	Oligodendrocyte lineage	Non-neuron	833.0	64	5936_PFC_Nova	7409	0	Oligodendrocyte	0.19	Oligodendrocyte lineage	Non-neuron
0	10664.0	4514	CTCGTCAAGCCTATGT-1_4341_BA46	L2/3	4341_BA46	4341	PFC	13	M	Control	CB6	SB2	16	7.2	4514	10664	2.016129	1.5003751	L2/3-6 IT	L2/3-6 IT	Glutamatergic	10664.0	65	4341_BA46	7395	0	Oligodendrocyte	0.22	Oligodendrocyte lineage	Non-neuron
0	4427.0	2421	TGGTTCCCACCAGATT-1_4341_BA46	IN-VIP	4341_BA46	4341	PFC	13	M	Control	CB6	SB2	16	7.2	2421	4427	0.7680145	0.4969505	VIP	CGE	GABAergic	4427.0	66	4341_BA46	7395	0	VIP	0.21	CGE	GABAergic
0	748.0	540	CGAATGTTCTACCAGA-1_5538_PFC_Nova	Microglia	5538_PFC_Nova	5538	PFC	19	F	Control	CB2	SB1	24	8.3	540	748	1.0695187	1.0695187	Microglia	Microglia	Non-neuron	748.0	67	5538_PFC_Nova	7402	0	Microglia	0.13	Microglia	Non-neuron
0	1642.0	1064	GTATCTTAGAGACTAT-1_5294_BA9	Endothelial	5294_BA9	5294	PFC	19	M	ASD	CB6	SB2	16	8.3	1064	1642	1.1571255	4.5066991	Endothelial	Vascular	Non-neuron	1642.0	68	5294_BA9	7398	0	Endothelial	0.2	Vascular	Non-neuron
0	763.0	623	CGCTGGACACCAGATT-1_5387_BA9	AST-FB	5387_BA9	5387	PFC	12	M	Control	CB6	SB2	13	7.6	623	763	0.7863696	0.1310616	Astrocyte	Astrocyte	Non-neuron	763.0	69	5387_BA9	7399	0	Astrocyte	0.18	Astrocyte	Non-neuron
0	25337.0	6958	TACCTTAAGGATGCGT-1_5387_BA9	L5/6-CC	5387_BA9	5387	PFC	12	M	Control	CB6	SB2	13	7.6	6958	25337	0.5288708	0.5920196	L2/3-6 IT	L2/3-6 IT	Glutamatergic	25337.0	70	5387_BA9	7399	0	L6 CT	0.4	deep layer non-IT	Glutamatergic
0	659.0	535	GAACCTAAGAGCTTCT-1_5893_PFC	Neu-NRGN-II	5893_PFC	5893	PFC	19	M	Control	CB2	SB1	11	8.0	535	659	1.3657056	1.3657056	Glutamatergic	Glutamatergic	Glutamatergic	659.0	71	5893_PFC	7408	0	Oligodendrocyte	0.2	Oligodendrocyte lineage	Non-neuron
0	31516.0	7574	ATGGGAGGTACCGGCT-1_5387_BA9	L5/6-CC	5387_BA9	5387	PFC	12	M	Control	CB6	SB2	13	7.6	7574	31516	2.2115751	0.5552735	L2/3-6 IT	L2/3-6 IT	Glutamatergic	31516.0	72	5387_BA9	7399	0	L2/3-6 IT	0.24	L2/3-6 IT	Glutamatergic
0	1351.0	945	CTACATTGTTCACGGC-1_4341_BA46	Oligodendrocytes	4341_BA46	4341	PFC	13	M	Control	CB6	SB2	16	7.2	945	1351	0.2220577	0.296077	Oligodendrocyte	Oligodendrocyte lineage	Non-neuron	1351.0	73	4341_BA46	7395	0	Oligodendrocyte	0.2	Oligodendrocyte lineage	Non-neuron
0	1735.0	1119	AACTCTTAGCATGGCA-1_5879_PFC_Nova	Oligodendrocytes	5879_PFC_Nova	5879	PFC	15	M	Control	CB1	SB1	18	7.5	1119	1735	0.1152738	0.5763689	Oligodendrocyte	Oligodendrocyte lineage	Non-neuron	1735.0	74	5879_PFC_Nova	7407	0	Oligodendrocyte	0.42	Oligodendrocyte lineage	Non-neuron
0	9440.0	3958	CCAGCGACATCTCGCT-1_4341_BA46	IN-PV	4341_BA46	4341	PFC	13	M	Control	CB6	SB2	16	7.2	3958	9440	1.0063559	0.5932203	PVALB	MGE	GABAergic	9440.0	75	4341_BA46	7395	0	PVALB	0.23	MGE	GABAergic
0	7785.0	3580	CAAGAAACACACTGCG-1_5841_BA9	L4	5841_BA9	5841	PFC	12	M	ASD	CB6	SB2	15	8.4	3580	7785	0.2697495	0.719332	L2/3-6 IT	L2/3-6 IT	Glutamatergic	7785.0	76	5841_BA9	7405	0	Oligodendrocyte	0.18	Oligodendrocyte lineage	Non-neuron
0	751.0	617	AACCATGGTGGTCTCG-1_5841_BA9	Neu-mat	5841_BA9	5841	PFC	12	M	ASD	CB6	SB2	15	8.4	617	751	0.7989348	1.5978695	Glutamatergic	Glutamatergic	Glutamatergic	751.0	77	5841_BA9	7405	0	Oligodendrocyte	0.14	Oligodendrocyte lineage	Non-neuron
0	1199.0	943	TCAGATGAGATGGCGT-1_5841_BA9	Endothelial	5841_BA9	5841	PFC	12	M	ASD	CB6	SB2	15	8.4	943	1199	3.8365304	1.9182652	Endothelial	Vascular	Non-neuron	1199.0	78	5841_BA9	7405	0	Endothelial	0.21	Vascular	Non-neuron
0	1802.0	1144	TTGAACGCAAGAAGAG-1_5945_PFC	IN-VIP	5945_PFC	5945	PFC	20	M	ASD	CB2	SB1	24	7.4	1144	1802	0.1664817	0.3884573	VIP	CGE	GABAergic	1802.0	79	5945_PFC	7411	0	L2/3-6 IT	0.18	L2/3-6 IT	Glutamatergic
0	707.0	534	ACTGAACCACAGCCCA-1_5978_BA9	Oligodendrocytes	5978_BA9	5978	PFC	11	M	ASD	CB7	SB2	21	6.5	535	708	0.0	0.1412429	Oligodendrocyte	Oligodendrocyte lineage	Non-neuron	707.0	80	5978_BA9	7413	0	Oligodendrocyte	0.36	Oligodendrocyte lineage	Non-neuron
0	7209.0	3470	ACTGATGAGTATTGGA-1_4341_BA46	L2/3	4341_BA46	4341	PFC	13	M	Control	CB6	SB2	16	7.2	3470	7209	0.2496879	0.554862	L2/3-6 IT	L2/3-6 IT	Glutamatergic	7209.0	81	4341_BA46	7395	0	LAMP5	0.16	CGE	GABAergic
0	4137.0	2262	AGAGCTTCACCCATTC-1_5945_PFC	OPC	5945_PFC	5945	PFC	20	M	ASD	CB2	SB1	24	7.4	2262	4137	0.4350979	0.9427121	OPC	Oligodendrocyte lineage	Non-neuron	4137.0	82	5945_PFC	7411	0	OPC	0.18	Oligodendrocyte lineage	Non-neuron
0	2941.0	1626	ATCACGAAGGTGCTAG-1_5144_PFC	IN-VIP	5144_PFC	5144	PFC	7	M	ASD	CB1	SB1	3	8.0	1626	2941	0.5440326	0.5780347	VIP	CGE	GABAergic	2941.0	83	5144_PFC	7396	0	CGE	0.24	CGE	GABAergic
0	1622.0	1114	GTTTCTACAGAGCCAA-1_5565_BA9	Neu-NRGN-I	5565_BA9	5565	PFC	12	M	ASD	CB7	SB2	22	6.9	1114	1622	1.972873	0.6165228	Glutamatergic	Glutamatergic	Glutamatergic	1622.0	84	5565_BA9	7403	0	Oligodendrocyte	0.13	Oligodendrocyte lineage	Non-neuron
0	29780.0	7573	ACGGAGATCGTTTAGG-1_5387_BA9	L2/3	5387_BA9	5387	PFC	12	M	Control	CB6	SB2	13	7.6	7573	29780	0.4499664	0.3626595	L2/3-6 IT	L2/3-6 IT	Glutamatergic	29780.0	85	5387_BA9	7399	0	SST	0.12	MGE	GABAergic
0	5753.0	2504	TACTCGCAGCATCATC-1_5939_BA9	IN-SST	5939_BA9	5939	PFC	21	M	ASD	CB6	SB2	22	7.4	2504	5753	2.2770728	0.3824092	SST	MGE	GABAergic	5753.0	86	5939_BA9	7410	0	SST	0.27	MGE	GABAergic
0	765.0	558	CGATGTATCGAGAGCA-1_5893_PFC	Microglia	5893_PFC	5893	PFC	19	M	Control	CB2	SB1	11	8.0	558	765	0.6535948	0.3921569	Microglia	Microglia	Non-neuron	765.0	87	5893_PFC	7408	0	Microglia	0.16	Microglia	Non-neuron
0	4933.0	2837	ACACTGATCCAAGCCG-1_5841_BA9	L4	5841_BA9	5841	PFC	12	M	ASD	CB6	SB2	15	8.4	2837	4933	0.283803	0.6892358	L2/3-6 IT	L2/3-6 IT	Glutamatergic	4933.0	88	5841_BA9	7405	0	Oligodendrocyte	0.18	Oligodendrocyte lineage	Non-neuron
0	8909.0	3883	TGCTGCTGTTAGGGTG-1_5978_BA9	L5/6	5978_BA9	5978	PFC	11	M	ASD	CB7	SB2	21	6.5	3883	8909	2.2224717	0.3591873	L5/6 NP	deep layer non-IT	Glutamatergic	8909.0	89	5978_BA9	7413	0	L6 CT	0.41	deep layer non-IT	Glutamatergic
0	1778.0	1067	GGGACCTTCGCCGTGA-1_5893_PFC	Oligodendrocytes	5893_PFC	5893	PFC	19	M	Control	CB2	SB1	11	8.0	1067	1778	0.3374578	1.1248594	Oligodendrocyte	Oligodendrocyte lineage	Non-neuron	1778.0	90	5893_PFC	7408	0	Oligodendrocyte	0.4	Oligodendrocyte lineage	Non-neuron
0	1684.0	1196	TGGCCAGTCAAAGACA-1_5893_PFC	Endothelial	5893_PFC	5893	PFC	19	M	Control	CB2	SB1	11	8.0	1196	1684	2.4940618	2.5534442	Endothelial	Vascular	Non-neuron	1684.0	91	5893_PFC	7408	0	Endothelial	0.26	Vascular	Non-neuron
0	1963.0	1260	CACATAGCAGGCAGTA-1_5278_PFC	AST-PP	5278_PFC	5278	PFC	15	F	ASD	CB1	SB1	13	9.0	1260	1963	0.1528273	0.9169638	Astrocyte	Astrocyte	Non-neuron	1963.0	92	5278_PFC	7397	0	Astrocyte	0.14	Astrocyte	Non-neuron
0	3018.0	1820	AGTTGGTGTTCCCTTG-1_5577_BA9	Oligodendrocytes	5577_BA9	5577	PFC	21	M	Control	CB6	SB2	19	8.6	1820	3018	0.4307488	1.0603048	Oligodendrocyte	Oligodendrocyte lineage	Non-neuron	3018.0	93	5577_BA9	7404	0	Oligodendrocyte	0.28	Oligodendrocyte lineage	Non-neuron
0	10687.0	4130	CGATGGCAGTTACGGG-1_5939_BA9	L5/6-CC	5939_BA9	5939	PFC	21	M	ASD	CB6	SB2	22	7.4	4130	10687	4.0890802	0.3555722	L2/3-6 IT	L2/3-6 IT	Glutamatergic	10687.0	94	5939_BA9	7410	0	L2/3-6 IT	0.26	L2/3-6 IT	Glutamatergic
0	1339.0	926	ACACTGACAATGGATA-1_6033_BA9	OPC	6033_BA9	6033	PFC	14	F	ASD	CB7	SB2	25	8.0	926	1339	0.373413	1.1949216	OPC	Oligodendrocyte lineage	Non-neuron	1339.0	95	6033_BA9	7414	0	OPC	0.24	Oligodendrocyte lineage	Non-neuron
0	3655.0	1960	GGACGTCGTTCACCTC-1_5294_BA9	AST-PP	5294_BA9	5294	PFC	19	M	ASD	CB6	SB2	16	8.3	1960	3655	0.0547196	0.6019152	Astrocyte	Astrocyte	Non-neuron	3655.0	96	5294_BA9	7398	0	Astrocyte	0.21	Astrocyte	Non-neuron
0	871.0	693	CCATTCGCATACGCTA-1_5565_BA9	AST-FB	5565_BA9	5565	PFC	12	M	ASD	CB7	SB2	22	6.9	693	871	0.6888634	0.0	Astrocyte	Astrocyte	Non-neuron	871.0	97	5565_BA9	7403	0	Astrocyte	0.22	Astrocyte	Non-neuron
0	2081.0	1293	ACATCAGCACCCATGG-1_4341_BA46	AST-PP	4341_BA46	4341	PFC	13	M	Control	CB6	SB2	16	7.2	1293	2081	0.6246997	0.5766458	Astrocyte	Astrocyte	Non-neuron	2081.0	98	4341_BA46	7395	0	Astrocyte	0.2	Astrocyte	Non-neuron
0	1137.0	898	CGACTTCTCCAAACTG-1_5841_BA9	Microglia	5841_BA9	5841	PFC	12	M	ASD	CB6	SB2	15	8.4	898	1137	1.1433597	0.8795075	Microglia	Microglia	Non-neuron	1137.0	99	5841_BA9	7405	0	Astrocyte	0.11	Astrocyte	Non-neuron
