orig.ident	nCount_RNA	nFeature_RNA	active.ident	sample	ID	Cell_type	rachel_subclass	rachel_class	rachel_family	n_counts	joinid	batch	_scvi_batch	_scvi_labels	predicted_rachel_subclass	confidence	predicted_rachel_class	predicted_rachel_family
TGTAGACTCCTCCACA_12	2091.0	1303	NC12	GSM4775576	TGTAGACTCCTCCACA_12	Excit	Glutamatergic	Glutamatergic	Glutamatergic	2091.0	0	GSM4775576	7410	0	L2/3-6 IT	0.17	L2/3-6 IT	Glutamatergic
AGATCCAAGACTTCGT_14	1281.0	860	NC14	GSM4775577	AGATCCAAGACTTCGT_14	Oligo	Oligodendrocyte	Oligodendrocyte lineage	Non-neuron	1281.0	1	GSM4775577	7411	0	Oligodendrocyte	0.52	Oligodendrocyte lineage	Non-neuron
CCCTAACGTACATTGC_9	5766.0	2783	AD9	GSM4775567	CCCTAACGTACATTGC_9	Excit	Glutamatergic	Glutamatergic	Glutamatergic	5766.0	2	GSM4775567	7401	0	L2/3-6 IT	0.39	L2/3-6 IT	Glutamatergic
AGGACTTTCGTAGAGG_20	543.0	468	AD20	GSM4775571	AGGACTTTCGTAGAGG_20	Mic	Microglia	Microglia	Non-neuron	543.0	3	GSM4775571	7405	0	Oligodendrocyte	0.2	Oligodendrocyte lineage	Non-neuron
TGGGTTACAACGACTT_2	4486.0	2161	AD2	GSM4775562	TGGGTTACAACGACTT_2	Inhit	GABAergic	GABAergic	GABAergic	4486.0	4	GSM4775562	7396	0	VIP	0.23	CGE	GABAergic
TGAGTCAGTTCTTGTT_3	2931.0	1812	NC3	GSM4775573	TGAGTCAGTTCTTGTT_3	Excit	Glutamatergic	Glutamatergic	Glutamatergic	2931.0	5	GSM4775573	7407	0	L2/3-6 IT	0.42	L2/3-6 IT	Glutamatergic
TTAGGCAGTAGGGTAC_13	8449.0	3582	AD13	GSM4775569	TTAGGCAGTAGGGTAC_13	Excit	Glutamatergic	Glutamatergic	Glutamatergic	8449.0	6	GSM4775569	7403	0	L5/6 NP	0.78	deep layer non-IT	Glutamatergic
CACTTCGTCAGGCGAA_14	4678.0	2264	NC14	GSM4775577	CACTTCGTCAGGCGAA_14	Excit	Glutamatergic	Glutamatergic	Glutamatergic	4678.0	7	GSM4775577	7411	0	OPC	0.58	Oligodendrocyte lineage	Non-neuron
TTACTGTGTTAAACCC_8	3404.0	1467	AD8	GSM4775566	TTACTGTGTTAAACCC_8	Excit	Glutamatergic	Glutamatergic	Glutamatergic	3404.0	8	GSM4775566	7400	0	L2/3-6 IT	0.17	L2/3-6 IT	Glutamatergic
TACTTACAGGCTAACG_7	5660.0	2651	NC7	GSM4775574	TACTTACAGGCTAACG_7	Excit	Glutamatergic	Glutamatergic	Glutamatergic	5660.0	9	GSM4775574	7408	0	L2/3-6 IT	0.29	L2/3-6 IT	Glutamatergic
TGATTTCGTGCTCGTG_16	545.0	427	NC16	GSM4775579	TGATTTCGTGCTCGTG_16	Inhit	GABAergic	GABAergic	GABAergic	545.0	10	GSM4775579	7413	0	Astrocyte	0.15	Astrocyte	Non-neuron
AGCCACGTCGGCATCG_10	8215.0	3694	AD10	GSM4775568	AGCCACGTCGGCATCG_10	Excit	Glutamatergic	Glutamatergic	Glutamatergic	8215.0	11	GSM4775568	7402	0	L2/3-6 IT	0.19	L2/3-6 IT	Glutamatergic
CTGAATGCACTAGTAC_20	5108.0	2286	AD20	GSM4775571	CTGAATGCACTAGTAC_20	Excit	Glutamatergic	Glutamatergic	Glutamatergic	5108.0	12	GSM4775571	7405	0	SST	0.18	MGE	GABAergic
CGGAATTGTATCCCTC_9	3339.0	1877	AD9	GSM4775567	CGGAATTGTATCCCTC_9	Excit	Glutamatergic	Glutamatergic	Glutamatergic	3339.0	13	GSM4775567	7401	0	L2/3-6 IT	0.36	L2/3-6 IT	Glutamatergic
ATTCACTGTAGTCCTA_13	1059.0	759	AD13	GSM4775569	ATTCACTGTAGTCCTA_13	Excit	Glutamatergic	Glutamatergic	Glutamatergic	1059.0	14	GSM4775569	7403	0	L2/3-6 IT	0.18	L2/3-6 IT	Glutamatergic
GCAGTTAAGTGTACCT_5	970.0	799	AD5	GSM4775564	GCAGTTAAGTGTACCT_5	Inhit	GABAergic	GABAergic	GABAergic	970.0	15	GSM4775564	7398	0	VIP	0.17	CGE	GABAergic
AGACACTGTCGTTCAA_17	2055.0	1366	NC17	GSM4775580	AGACACTGTCGTTCAA_17	Astro	Astrocyte	Astrocyte	Non-neuron	2055.0	16	GSM4775580	7414	0	Astrocyte	0.41	Astrocyte	Non-neuron
TTCATTGCATGGCACC_6	567.0	422	AD6	GSM4775565	TTCATTGCATGGCACC_6	Excit	Glutamatergic	Glutamatergic	Glutamatergic	567.0	17	GSM4775565	7399	0	OPC	0.3	Oligodendrocyte lineage	Non-neuron
AGGTGTTGTTCGTTCC_15	1465.0	1026	NC15	GSM4775578	AGGTGTTGTTCGTTCC_15	Excit	Glutamatergic	Glutamatergic	Glutamatergic	1465.0	18	GSM4775578	7412	0	L2/3-6 IT	0.29	L2/3-6 IT	Glutamatergic
CTACCTGCATAGTCAC_4	992.0	759	AD4	GSM4775563	CTACCTGCATAGTCAC_4	Excit	Glutamatergic	Glutamatergic	Glutamatergic	992.0	19	GSM4775563	7397	0	Astrocyte	0.18	Astrocyte	Non-neuron
GTCATCCAGGCCCACT_10	10432.0	3860	AD10	GSM4775568	GTCATCCAGGCCCACT_10	Excit	Glutamatergic	Glutamatergic	Glutamatergic	10432.0	20	GSM4775568	7402	0	L2/3-6 IT	0.34	L2/3-6 IT	Glutamatergic
ACTTAGGCAACACAAA_16	2159.0	1244	NC16	GSM4775579	ACTTAGGCAACACAAA_16	Excit	Glutamatergic	Glutamatergic	Glutamatergic	2159.0	21	GSM4775579	7413	0	L2/3-6 IT	0.19	L2/3-6 IT	Glutamatergic
TGGATCATCGGTCAGC_10	2709.0	1677	AD10	GSM4775568	TGGATCATCGGTCAGC_10	Astro	Astrocyte	Astrocyte	Non-neuron	2709.0	22	GSM4775568	7402	0	Astrocyte	0.61	Astrocyte	Non-neuron
TGCTTGCTCGTAGCTA_21	3831.0	1647	AD21	GSM4775572	TGCTTGCTCGTAGCTA_21	Excit	Glutamatergic	Glutamatergic	Glutamatergic	3831.0	23	GSM4775572	7406	0	OPC	0.65	Oligodendrocyte lineage	Non-neuron
CAGTGCGAGGCTGAAC_10	2063.0	1312	AD10	GSM4775568	CAGTGCGAGGCTGAAC_10	Excit	Glutamatergic	Glutamatergic	Glutamatergic	2063.0	24	GSM4775568	7402	0	L2/3-6 IT	0.23	L2/3-6 IT	Glutamatergic
TGAGGAGTCGCTCCTA_10	936.0	706	AD10	GSM4775568	TGAGGAGTCGCTCCTA_10	Inhit	GABAergic	GABAergic	GABAergic	936.0	25	GSM4775568	7402	0	SNCG	0.32	CGE	GABAergic
TGTTGAGTCGCTGACG_10	8613.0	3944	AD10	GSM4775568	TGTTGAGTCGCTGACG_10	Excit	Glutamatergic	Glutamatergic	Glutamatergic	8613.0	26	GSM4775568	7402	0	L2/3-6 IT	0.36	L2/3-6 IT	Glutamatergic
GATGAGGGTTGCGAAG_18	2319.0	1460	NC18	GSM4775581	GATGAGGGTTGCGAAG_18	Oligo	Oligodendrocyte	Oligodendrocyte lineage	Non-neuron	2319.0	27	GSM4775581	7415	0	Oligodendrocyte	0.44	Oligodendrocyte lineage	Non-neuron
CATGGATCAAACGTGG_4	1143.0	752	AD4	GSM4775563	CATGGATCAAACGTGG_4	Inhit	GABAergic	GABAergic	GABAergic	1143.0	28	GSM4775563	7397	0	VIP	0.24	CGE	GABAergic
GTCTGTCGTATGACAA_15	12012.0	4314	NC15	GSM4775578	GTCTGTCGTATGACAA_15	Excit	Glutamatergic	Glutamatergic	Glutamatergic	12012.0	29	GSM4775578	7412	0	L2/3-6 IT	0.19	L2/3-6 IT	Glutamatergic
ATATCCTAGTTGCGCC_15	1776.0	1180	NC15	GSM4775578	ATATCCTAGTTGCGCC_15	Astro	Astrocyte	Astrocyte	Non-neuron	1776.0	30	GSM4775578	7412	0	Astrocyte	0.59	Astrocyte	Non-neuron
ACTGTGATCTAACACG_12	3847.0	1956	NC12	GSM4775576	ACTGTGATCTAACACG_12	Oligo	Oligodendrocyte	Oligodendrocyte lineage	Non-neuron	3847.0	31	GSM4775576	7410	0	Oligodendrocyte	0.43	Oligodendrocyte lineage	Non-neuron
TACGGGCAGGATTACA_19	8552.0	3213	AD19	GSM4775570	TACGGGCAGGATTACA_19	Astro	Astrocyte	Astrocyte	Non-neuron	8552.0	32	GSM4775570	7404	0	Astrocyte	0.45	Astrocyte	Non-neuron
GAGAAATCAAGCTCTA_5	7043.0	3414	AD5	GSM4775564	GAGAAATCAAGCTCTA_5	Excit	Glutamatergic	Glutamatergic	Glutamatergic	7043.0	33	GSM4775564	7398	0	L2/3-6 IT	0.23	L2/3-6 IT	Glutamatergic
GTTTACTAGAATTGTG_3	776.0	597	NC3	GSM4775573	GTTTACTAGAATTGTG_3	Astro	Astrocyte	Astrocyte	Non-neuron	776.0	34	GSM4775573	7407	0	Astrocyte	0.5	Astrocyte	Non-neuron
GTTCCGTGTCGATTCA_12	8386.0	4049	NC12	GSM4775576	GTTCCGTGTCGATTCA_12	Excit	Glutamatergic	Glutamatergic	Glutamatergic	8386.0	35	GSM4775576	7410	0	VIP	0.25	CGE	GABAergic
GTGCACGTCGGACGTC_4	9149.0	3428	AD4	GSM4775563	GTGCACGTCGGACGTC_4	Excit	Glutamatergic	Glutamatergic	Glutamatergic	9149.0	36	GSM4775563	7397	0	VIP	0.26	CGE	GABAergic
TTTCACAAGTAAAGCT_4	2063.0	1501	AD4	GSM4775563	TTTCACAAGTAAAGCT_4	Excit	Glutamatergic	Glutamatergic	Glutamatergic	2063.0	37	GSM4775563	7397	0	L2/3-6 IT	0.28	L2/3-6 IT	Glutamatergic
TGCGGCAGTCCCACGA_10	1432.0	1032	AD10	GSM4775568	TGCGGCAGTCCCACGA_10	Inhit	GABAergic	GABAergic	GABAergic	1432.0	38	GSM4775568	7402	0	LAMP5	0.32	CGE	GABAergic
ACTTCGCTCCAACTAG_14	7985.0	3374	NC14	GSM4775577	ACTTCGCTCCAACTAG_14	Excit	Glutamatergic	Glutamatergic	Glutamatergic	7985.0	39	GSM4775577	7411	0	L2/3-6 IT	0.23	L2/3-6 IT	Glutamatergic
GATCCCTAGGAAAGTG_12	866.0	694	NC12	GSM4775576	GATCCCTAGGAAAGTG_12	Oligo	Oligodendrocyte	Oligodendrocyte lineage	Non-neuron	866.0	40	GSM4775576	7410	0	Oligodendrocyte	0.26	Oligodendrocyte lineage	Non-neuron
TGTCCCACAGTCGGTC_18	2019.0	1360	NC18	GSM4775581	TGTCCCACAGTCGGTC_18	Mic	Microglia	Microglia	Non-neuron	2019.0	41	GSM4775581	7415	0	Microglia	0.54	Microglia	Non-neuron
TTACGTTAGTGAACAT_14	5054.0	2414	NC14	GSM4775577	TTACGTTAGTGAACAT_14	Excit	Glutamatergic	Glutamatergic	Glutamatergic	5054.0	42	GSM4775577	7411	0	L2/3-6 IT	0.35	L2/3-6 IT	Glutamatergic
GCATCTCAGTACTGTC_12	2806.0	1757	NC12	GSM4775576	GCATCTCAGTACTGTC_12	Mic	Microglia	Microglia	Non-neuron	2806.0	43	GSM4775576	7410	0	Microglia	0.59	Microglia	Non-neuron
AATGACCGTTTGCCGG_3	7041.0	3022	NC3	GSM4775573	AATGACCGTTTGCCGG_3	Excit	Glutamatergic	Glutamatergic	Glutamatergic	7041.0	44	GSM4775573	7407	0	L2/3-6 IT	0.22	L2/3-6 IT	Glutamatergic
AATTCCTTCTTGAACG_7	905.0	688	NC7	GSM4775574	AATTCCTTCTTGAACG_7	Endo	Endothelial	Vascular	Non-neuron	905.0	45	GSM4775574	7408	0	Astrocyte	0.16	Astrocyte	Non-neuron
GGAGGTAGTTTAGTCG_19	10477.0	4037	AD19	GSM4775570	GGAGGTAGTTTAGTCG_19	Excit	Glutamatergic	Glutamatergic	Glutamatergic	10477.0	46	GSM4775570	7404	0	Endothelial	0.18	Vascular	Non-neuron
GTAGATCTCACCTGTC_5	701.0	587	AD5	GSM4775564	GTAGATCTCACCTGTC_5	Excit	Glutamatergic	Glutamatergic	Glutamatergic	701.0	47	GSM4775564	7398	0	OPC	0.27	Oligodendrocyte lineage	Non-neuron
CAAGAGGAGTAGCATA_18	3183.0	1792	NC18	GSM4775581	CAAGAGGAGTAGCATA_18	Oligo	Oligodendrocyte	Oligodendrocyte lineage	Non-neuron	3183.0	48	GSM4775581	7415	0	Oligodendrocyte	0.34	Oligodendrocyte lineage	Non-neuron
GTGACGCAGTTTGGCT_15	1462.0	1049	NC15	GSM4775578	GTGACGCAGTTTGGCT_15	Excit	Glutamatergic	Glutamatergic	Glutamatergic	1462.0	49	GSM4775578	7412	0	L2/3-6 IT	0.27	L2/3-6 IT	Glutamatergic
AGGAAATAGAAGCGCT_5	10562.0	4417	AD5	GSM4775564	AGGAAATAGAAGCGCT_5	Excit	Glutamatergic	Glutamatergic	Glutamatergic	10562.0	50	GSM4775564	7398	0	L2/3-6 IT	0.24	L2/3-6 IT	Glutamatergic
ATCATTCCAAAGTGTA_20	3708.0	2228	AD20	GSM4775571	ATCATTCCAAAGTGTA_20	Inhit	GABAergic	GABAergic	GABAergic	3708.0	51	GSM4775571	7405	0	VIP	0.41	CGE	GABAergic
CTGTGGGGTGCAAGAC_2	600.0	487	AD2	GSM4775562	CTGTGGGGTGCAAGAC_2	Oligo	Oligodendrocyte	Oligodendrocyte lineage	Non-neuron	600.0	52	GSM4775562	7396	0	Oligodendrocyte	0.37	Oligodendrocyte lineage	Non-neuron
GAGGCAAGTAACACCT_17	5692.0	2669	NC17	GSM4775580	GAGGCAAGTAACACCT_17	Oligo	Oligodendrocyte	Oligodendrocyte lineage	Non-neuron	5692.0	53	GSM4775580	7414	0	Oligodendrocyte	0.36	Oligodendrocyte lineage	Non-neuron
ACTTCCGAGAGTCCGA_12	1491.0	1078	NC12	GSM4775576	ACTTCCGAGAGTCCGA_12	Excit	Glutamatergic	Glutamatergic	Glutamatergic	1491.0	54	GSM4775576	7410	0	L2/3-6 IT	0.27	L2/3-6 IT	Glutamatergic
GCAACCGCAGAACTAA_5	4447.0	2447	AD5	GSM4775564	GCAACCGCAGAACTAA_5	Excit	Glutamatergic	Glutamatergic	Glutamatergic	4447.0	55	GSM4775564	7398	0	L2/3-6 IT	0.4	L2/3-6 IT	Glutamatergic
TCGGGACAGGCTCAAG_10	10880.0	4377	AD10	GSM4775568	TCGGGACAGGCTCAAG_10	Excit	Glutamatergic	Glutamatergic	Glutamatergic	10880.0	56	GSM4775568	7402	0	PVALB	0.27	MGE	GABAergic
AGACTCAAGATGGTAT_2	2932.0	1679	AD2	GSM4775562	AGACTCAAGATGGTAT_2	Oligo	Oligodendrocyte	Oligodendrocyte lineage	Non-neuron	2932.0	57	GSM4775562	7396	0	Oligodendrocyte	0.52	Oligodendrocyte lineage	Non-neuron
CAGTGCGCATTCACCC_12	8265.0	3352	NC12	GSM4775576	CAGTGCGCATTCACCC_12	Excit	Glutamatergic	Glutamatergic	Glutamatergic	8265.0	58	GSM4775576	7410	0	L2/3-6 IT	0.24	L2/3-6 IT	Glutamatergic
CAATACGCAAATGAAC_11	602.0	430	NC11	GSM4775575	CAATACGCAAATGAAC_11	Oligo	Oligodendrocyte	Oligodendrocyte lineage	Non-neuron	602.0	59	GSM4775575	7409	0	Oligodendrocyte	0.23	Oligodendrocyte lineage	Non-neuron
CTATCTAAGTAATACG_3	3510.0	1762	NC3	GSM4775573	CTATCTAAGTAATACG_3	Inhit	GABAergic	GABAergic	GABAergic	3510.0	60	GSM4775573	7407	0	PVALB	0.42	MGE	GABAergic
CACACAACACGGTGCT_9	3430.0	1872	AD9	GSM4775567	CACACAACACGGTGCT_9	Excit	Glutamatergic	Glutamatergic	Glutamatergic	3430.0	61	GSM4775567	7401	0	L2/3-6 IT	0.27	L2/3-6 IT	Glutamatergic
TTGCGTCCACACCTTC_17	3113.0	1712	NC17	GSM4775580	TTGCGTCCACACCTTC_17	Inhit	GABAergic	GABAergic	GABAergic	3113.0	62	GSM4775580	7414	0	SNCG	0.41	CGE	GABAergic
GGTGATTTCGAGGCAA_8	986.0	684	AD8	GSM4775566	GGTGATTTCGAGGCAA_8	Oligo	Oligodendrocyte	Oligodendrocyte lineage	Non-neuron	986.0	63	GSM4775566	7400	0	Oligodendrocyte	0.33	Oligodendrocyte lineage	Non-neuron
CCACAAAAGTAAACAC_12	2423.0	1449	NC12	GSM4775576	CCACAAAAGTAAACAC_12	Oligo	Oligodendrocyte	Oligodendrocyte lineage	Non-neuron	2423.0	64	GSM4775576	7410	0	Oligodendrocyte	0.54	Oligodendrocyte lineage	Non-neuron
GTTTGGACAAGCGCTC_12	3787.0	2151	NC12	GSM4775576	GTTTGGACAAGCGCTC_12	Excit	Glutamatergic	Glutamatergic	Glutamatergic	3787.0	65	GSM4775576	7410	0	OPC	0.59	Oligodendrocyte lineage	Non-neuron
GGTAACTAGCGACCCT_14	2153.0	1371	NC14	GSM4775577	GGTAACTAGCGACCCT_14	Oligo	Oligodendrocyte	Oligodendrocyte lineage	Non-neuron	2153.0	66	GSM4775577	7411	0	Oligodendrocyte	0.4	Oligodendrocyte lineage	Non-neuron
TCGATTTGTAGGAGTC_17	7775.0	3347	NC17	GSM4775580	TCGATTTGTAGGAGTC_17	Excit	Glutamatergic	Glutamatergic	Glutamatergic	7775.0	67	GSM4775580	7414	0	L2/3-6 IT	0.28	L2/3-6 IT	Glutamatergic
TCCTTTCCACTACGGC_19	647.0	549	AD19	GSM4775570	TCCTTTCCACTACGGC_19	Endo	Endothelial	Vascular	Non-neuron	647.0	68	GSM4775570	7404	0	Endothelial	0.35	Vascular	Non-neuron
GTTAGTGTCATAGCAC_16	784.0	510	NC16	GSM4775579	GTTAGTGTCATAGCAC_16	Excit	Glutamatergic	Glutamatergic	Glutamatergic	784.0	69	GSM4775579	7413	0	L2/3-6 IT	0.17	L2/3-6 IT	Glutamatergic
TACCGGGGTAGGCTCC_15	785.0	551	NC15	GSM4775578	TACCGGGGTAGGCTCC_15	Excit	Glutamatergic	Glutamatergic	Glutamatergic	785.0	70	GSM4775578	7412	0	L2/3-6 IT	0.2	L2/3-6 IT	Glutamatergic
CAGCGTGCACGCGTGT_10	2512.0	1438	AD10	GSM4775568	CAGCGTGCACGCGTGT_10	Excit	Glutamatergic	Glutamatergic	Glutamatergic	2512.0	71	GSM4775568	7402	0	OPC	0.51	Oligodendrocyte lineage	Non-neuron
TCTTAGTGTCATATGC_1	581.0	469	AD1	GSM4775561	TCTTAGTGTCATATGC_1	Excit	Glutamatergic	Glutamatergic	Glutamatergic	581.0	72	GSM4775561	7395	0	L2/3-6 IT	0.27	L2/3-6 IT	Glutamatergic
GTGTTCCAGTGAGTGC_8	690.0	495	AD8	GSM4775566	GTGTTCCAGTGAGTGC_8	Astro	Astrocyte	Astrocyte	Non-neuron	690.0	73	GSM4775566	7400	0	Astrocyte	0.55	Astrocyte	Non-neuron
GTCTAGATCGTCCTTG_20	4025.0	2092	AD20	GSM4775571	GTCTAGATCGTCCTTG_20	Astro	Astrocyte	Astrocyte	Non-neuron	4025.0	74	GSM4775571	7405	0	Astrocyte	0.59	Astrocyte	Non-neuron
TGATGCAAGCAATAAC_18	14617.0	5799	NC18	GSM4775581	TGATGCAAGCAATAAC_18	Endo	Endothelial	Vascular	Non-neuron	14617.0	75	GSM4775581	7415	0	Oligodendrocyte	0.14	Oligodendrocyte lineage	Non-neuron
TAACACGAGCCTTGAT_10	9950.0	3984	AD10	GSM4775568	TAACACGAGCCTTGAT_10	Excit	Glutamatergic	Glutamatergic	Glutamatergic	9950.0	76	GSM4775568	7402	0	SST	0.14	MGE	GABAergic
TCTACATCATTGACAC_9	1437.0	1007	AD9	GSM4775567	TCTACATCATTGACAC_9	Astro	Astrocyte	Astrocyte	Non-neuron	1437.0	77	GSM4775567	7401	0	Astrocyte	0.41	Astrocyte	Non-neuron
TACCTGCGTCGGATTT_16	585.0	473	NC16	GSM4775579	TACCTGCGTCGGATTT_16	Astro	Astrocyte	Astrocyte	Non-neuron	585.0	78	GSM4775579	7413	0	Astrocyte	0.61	Astrocyte	Non-neuron
CACAGGCCAAGCGCTC_21	3594.0	1761	AD21	GSM4775572	CACAGGCCAAGCGCTC_21	Excit	Glutamatergic	Glutamatergic	Glutamatergic	3594.0	79	GSM4775572	7406	0	L2/3-6 IT	0.19	L2/3-6 IT	Glutamatergic
CCTGCATAGTCTCCTC_20	2689.0	1604	AD20	GSM4775571	CCTGCATAGTCTCCTC_20	Astro	Astrocyte	Astrocyte	Non-neuron	2689.0	80	GSM4775571	7405	0	Astrocyte	0.68	Astrocyte	Non-neuron
CACATGAGTCTCAGAT_4	663.0	549	AD4	GSM4775563	CACATGAGTCTCAGAT_4	Astro	Astrocyte	Astrocyte	Non-neuron	663.0	81	GSM4775563	7397	0	Astrocyte	0.3	Astrocyte	Non-neuron
GTCCCATCACACGCCA_5	5950.0	2861	AD5	GSM4775564	GTCCCATCACACGCCA_5	Excit	Glutamatergic	Glutamatergic	Glutamatergic	5950.0	82	GSM4775564	7398	0	L2/3-6 IT	0.37	L2/3-6 IT	Glutamatergic
CATTCTACAAACTGCT_20	9456.0	3675	AD20	GSM4775571	CATTCTACAAACTGCT_20	Excit	Glutamatergic	Glutamatergic	Glutamatergic	9456.0	83	GSM4775571	7405	0	L2/3-6 IT	0.22	L2/3-6 IT	Glutamatergic
TGCTGAATCTGTTGGA_5	1217.0	952	AD5	GSM4775564	TGCTGAATCTGTTGGA_5	Excit	Glutamatergic	Glutamatergic	Glutamatergic	1217.0	84	GSM4775564	7398	0	L2/3-6 IT	0.25	L2/3-6 IT	Glutamatergic
CCAAGCGGTCGTCAGC_17	10688.0	4235	NC17	GSM4775580	CCAAGCGGTCGTCAGC_17	Excit	Glutamatergic	Glutamatergic	Glutamatergic	10688.0	85	GSM4775580	7414	0	L2/3-6 IT	0.2	L2/3-6 IT	Glutamatergic
TTGCATTAGCCATGCC_19	4381.0	1978	AD19	GSM4775570	TTGCATTAGCCATGCC_19	Excit	Glutamatergic	Glutamatergic	Glutamatergic	4381.0	86	GSM4775570	7404	0	OPC	0.57	Oligodendrocyte lineage	Non-neuron
CAGGCCACACCGTCGA_2	6318.0	2910	AD2	GSM4775562	CAGGCCACACCGTCGA_2	Excit	Glutamatergic	Glutamatergic	Glutamatergic	6318.0	87	GSM4775562	7396	0	L2/3-6 IT	0.39	L2/3-6 IT	Glutamatergic
GAGACTTTCTTCCCAG_7	1457.0	1036	NC7	GSM4775574	GAGACTTTCTTCCCAG_7	Inhit	GABAergic	GABAergic	GABAergic	1457.0	88	GSM4775574	7408	0	LAMP5	0.24	CGE	GABAergic
CTCTCAGGTAGGGAGG_15	5314.0	2833	NC15	GSM4775578	CTCTCAGGTAGGGAGG_15	Excit	Glutamatergic	Glutamatergic	Glutamatergic	5314.0	89	GSM4775578	7412	0	L2/3-6 IT	0.34	L2/3-6 IT	Glutamatergic
GCTGGGTCACACAGAG_18	3849.0	1936	NC18	GSM4775581	GCTGGGTCACACAGAG_18	Excit	Glutamatergic	Glutamatergic	Glutamatergic	3849.0	90	GSM4775581	7415	0	L2/3-6 IT	0.2	L2/3-6 IT	Glutamatergic
GGAATGGAGTGATAGT_12	517.0	444	NC12	GSM4775576	GGAATGGAGTGATAGT_12	Inhit	GABAergic	GABAergic	GABAergic	517.0	91	GSM4775576	7410	0	L2/3-6 IT	0.19	L2/3-6 IT	Glutamatergic
TGCAGTAAGTTACGGG_19	9318.0	3486	AD19	GSM4775570	TGCAGTAAGTTACGGG_19	Excit	Glutamatergic	Glutamatergic	Glutamatergic	9318.0	92	GSM4775570	7404	0	L2/3-6 IT	0.24	L2/3-6 IT	Glutamatergic
AGGGCTCTCCCATGGG_17	2717.0	1600	NC17	GSM4775580	AGGGCTCTCCCATGGG_17	Oligo	Oligodendrocyte	Oligodendrocyte lineage	Non-neuron	2717.0	93	GSM4775580	7414	0	Oligodendrocyte	0.42	Oligodendrocyte lineage	Non-neuron
CTTCGGTTCATGGAGG_10	3939.0	2293	AD10	GSM4775568	CTTCGGTTCATGGAGG_10	Excit	Glutamatergic	Glutamatergic	Glutamatergic	3939.0	94	GSM4775568	7402	0	L2/3-6 IT	0.3	L2/3-6 IT	Glutamatergic
CTCATCGAGTGCCAGA_14	813.0	620	NC14	GSM4775577	CTCATCGAGTGCCAGA_14	Astro	Astrocyte	Astrocyte	Non-neuron	813.0	95	GSM4775577	7411	0	Astrocyte	0.63	Astrocyte	Non-neuron
TCATGTTCACACAGCC_18	16159.0	4976	NC18	GSM4775581	TCATGTTCACACAGCC_18	Excit	Glutamatergic	Glutamatergic	Glutamatergic	16159.0	96	GSM4775581	7415	0	L2/3-6 IT	0.25	L2/3-6 IT	Glutamatergic
AGAAATGGTTGTAGCT_2	1147.0	884	AD2	GSM4775562	AGAAATGGTTGTAGCT_2	Mic	Microglia	Microglia	Non-neuron	1147.0	97	GSM4775562	7396	0	Microglia	0.5	Microglia	Non-neuron
TGGTACAGTGTTACTG_18	933.0	666	NC18	GSM4775581	TGGTACAGTGTTACTG_18	Oligo	Oligodendrocyte	Oligodendrocyte lineage	Non-neuron	933.0	98	GSM4775581	7415	0	Oligodendrocyte	0.5	Oligodendrocyte lineage	Non-neuron
AGTACTGCATGCCATA_14	4238.0	2209	NC14	GSM4775577	AGTACTGCATGCCATA_14	Astro	Astrocyte	Astrocyte	Non-neuron	4238.0	99	GSM4775577	7411	0	Astrocyte	0.62	Astrocyte	Non-neuron
