orig.ident	nCount_RNA	nFeature_RNA	cellid	case_num	Location	Condition	Cluster	Lineage	batch	rachel_subclass	rachel_class	rachel_family	n_counts	joinid	_scvi_batch	_scvi_labels	predicted_rachel_subclass	confidence	predicted_rachel_class	predicted_rachel_family
0	19912.0	6108	TGTCCCATCTGCAGCG.1.C5832Cd	C5382Cd	Caudate	Con	GABA_TAC3	Neuron	B3	GABAergic	GABAergic	GABAergic	19912.0	0	7397	0	L2/3-6 IT	0.18	L2/3-6 IT	Glutamatergic
0	614.0	464	TCTACCGGTTGGACCC.1.C5227Cd	C5227Cd	Caudate	Con	Glut_RORB	Neuron	B3	L2/3-6 IT	L2/3-6 IT	Glutamatergic	614.0	1	7397	0	L2/3-6 IT	0.21	L2/3-6 IT	Glutamatergic
0	1246.0	797	CATACCCTCGAACCTA.1.C5227Cin	C5227Cin	Cingulate	Con	N_inh5_NPY	Neuron	B3	GABAergic	GABAergic	GABAergic	1246.0	2	7397	0	VIP	0.31	CGE	GABAergic
0	2415.0	1427	ACAGAAACAGTGAGCA.1.H5286Cin	H5286Cin	Cingulate	HD	Glut_CUX2	Neuron	B3	L2/3-6 IT	L2/3-6 IT	Glutamatergic	2415.0	3	7397	0	L2/3-6 IT	0.33	L2/3-6 IT	Glutamatergic
0	11597.0	3356	GAACTGTGTTACCTTT.1.H5575A	H5575A	Accumbens	HD	oligo_9	Oligodendrocyte	B2	Oligodendrocyte	Oligodendrocyte lineage	Non-neuron	11597.0	4	7396	0	Oligodendrocyte	0.39	Oligodendrocyte lineage	Non-neuron
0	9156.0	3252	ATGTCCCCAAGTGGCA.1.H5493Cd	H5493Cd	Caudate	HD	oligo_3	Oligodendrocyte	B2	Oligodendrocyte	Oligodendrocyte lineage	Non-neuron	9156.0	5	7396	0	Oligodendrocyte	0.45	Oligodendrocyte lineage	Non-neuron
0	556.0	459	CCCTCAATCCGCGGAT.1.C5596Cin	C5596Cin	Cingulate	Con	N_inh5_NPY	Neuron	B3	GABAergic	GABAergic	GABAergic	556.0	6	7397	0	VIP	0.15	CGE	GABAergic
0	4963.0	2344	AGAAGTAGTTTCTATC.1.C5832Cd	C5382Cd	Caudate	Con	oligo_1	Oligodendrocyte	B3	Oligodendrocyte	Oligodendrocyte lineage	Non-neuron	4963.0	7	7397	0	Oligodendrocyte	0.47	Oligodendrocyte lineage	Non-neuron
0	2681.0	1480	ACTATGGAGTTTCGAC.1.H5109Cd	H5109Cd	Caudate	HD	oligo_2	Oligodendrocyte	B3	Oligodendrocyte	Oligodendrocyte lineage	Non-neuron	2681.0	8	7397	0	Oligodendrocyte	0.53	Oligodendrocyte lineage	Non-neuron
0	1971.0	1160	GGATCTACAGGAACCA.1.H5286Cin	H5286Cin	Cingulate	HD	N_inh5_NPY	Neuron	B3	GABAergic	GABAergic	GABAergic	1971.0	9	7397	0	SNCG	0.41	CGE	GABAergic
0	2402.0	1101	TTTCCTCTCTTGGGTA.1.5575	H5575Cin	Cingulate	HD	oligo_1	Oligodendrocyte	B1	Oligodendrocyte	Oligodendrocyte lineage	Non-neuron	2402.0	10	7395	0	L5 ET	0.21	deep layer non-IT	Glutamatergic
0	46793.0	7838	GGAGAACTCGGCACTG.1.5596Cd	C5596Cd	Caudate	Con	GABA_DRD1_LRP4	Neuron	B2	GABAergic	GABAergic	GABAergic	46793.0	11	7396	0	L2/3-6 IT	0.19	L2/3-6 IT	Glutamatergic
0	3119.0	1672	CCACACTTCCCTAGGG.1.H5263A	H5263A	Accumbens	HD	Glut_RORB	Neuron	B3	L2/3-6 IT	L2/3-6 IT	Glutamatergic	3119.0	12	7397	0	L2/3-6 IT	0.29	L2/3-6 IT	Glutamatergic
0	1842.0	1117	CAGCAGCCAGTACTAC.1.H5263A	H5263A	Accumbens	HD	Glut_CUX2	Neuron	B3	L2/3-6 IT	L2/3-6 IT	Glutamatergic	1842.0	13	7397	0	L2/3-6 IT	0.22	L2/3-6 IT	Glutamatergic
0	10546.0	3438	GTCTGTCTCATCGTAG.1.H5263Cin	H5263Cin	Cingulate	HD	oligo_4	Oligodendrocyte	B3	Oligodendrocyte	Oligodendrocyte lineage	Non-neuron	10546.0	14	7397	0	Oligodendrocyte	0.5	Oligodendrocyte lineage	Non-neuron
0	1360.0	1025	TGAATCGTCATATGGC.1.H5286Cin	H5286Cin	Cingulate	HD	Ependymal_2	Ependymal	B3	Endothelial	Vascular	Non-neuron	1360.0	15	7397	0	Astrocyte	0.31	Astrocyte	Non-neuron
0	6943.0	3500	TCGTACCTCACGCATA.1.5493	H5493Cin	Cingulate	HD	Glut_GUCY1B3	Neuron	B1	Glutamatergic	Glutamatergic	Glutamatergic	6943.0	16	7395	0	L6 CT	0.14	deep layer non-IT	Glutamatergic
0	1357.0	1033	CAGAGAGAGGTGCAAC.1.5382	C5382Cin	Cingulate	Con	N_inh5_NPY	Neuron	B1	GABAergic	GABAergic	GABAergic	1357.0	17	7395	0	SNCG	0.28	CGE	GABAergic
0	13256.0	4212	GAGGCAATCTAATTCC.1.C5700Cd	C5700Cd	Caudate	Con	Astro_4	Astrocyte	B2	Astrocyte	Astrocyte	Non-neuron	13256.0	18	7396	0	Astrocyte	0.5	Astrocyte	Non-neuron
0	4361.0	2033	AAGACTCTCTCATGCC.1.H5109A	H5109A	Accumbens	HD	Astro_1	Astrocyte	B3	Astrocyte	Astrocyte	Non-neuron	4361.0	19	7397	0	Astrocyte	0.47	Astrocyte	Non-neuron
0	457.0	369	ACATTTCCAGAACCGA.1.H4161A	H4161A	Accumbens	HD	Glut_CUX2	Neuron	B3	L2/3-6 IT	L2/3-6 IT	Glutamatergic	457.0	20	7397	0	L2/3-6 IT	0.23	L2/3-6 IT	Glutamatergic
0	610.0	478	ACGTCCTTCGGAATGG.1.H5263Cin	H5263Cin	Cingulate	HD	Unclassified	Neuron	B3	unknown	unknown	unknown	610.0	21	7397	0	VIP	0.21	CGE	GABAergic
0	1245.0	899	TATTTCGGTTACGTAC.1.H5263Cd	H5263Cd	Caudate	HD	N_inh5_NPY	Neuron	B3	GABAergic	GABAergic	GABAergic	1245.0	22	7397	0	LAMP5	0.17	CGE	GABAergic
0	1894.0	1193	CACAGGCGTTGCCTCT.1.5493	H5493Cin	Cingulate	HD	Astro_1	Astrocyte	B1	Astrocyte	Astrocyte	Non-neuron	1894.0	23	7395	0	Astrocyte	0.25	Astrocyte	Non-neuron
0	608.0	462	ACCCTTGCAACACACT.1.H4161A	H4161A	Accumbens	HD	Glut_CUX2	Neuron	B3	L2/3-6 IT	L2/3-6 IT	Glutamatergic	608.0	24	7397	0	L2/3-6 IT	0.17	L2/3-6 IT	Glutamatergic
0	1150.0	821	ACAGGGACACAGCGCT.1.H4161A	H4161A	Accumbens	HD	Glut_HTR2C	Neuron	B3	Glutamatergic	Glutamatergic	Glutamatergic	1150.0	25	7397	0	L5/6 NP	0.28	deep layer non-IT	Glutamatergic
0	12057.0	3911	CCTCCTCCAAAGCTAA.1.C5700Cin	C5700Cin	Cingulate	Con	Astro_4	Astrocyte	B3	Astrocyte	Astrocyte	Non-neuron	12057.0	26	7397	0	Astrocyte	0.53	Astrocyte	Non-neuron
0	61130.0	7678	TTTGACTAGTCTTCGA.1.C5700Cd	C5700Cd	Caudate	Con	GABA_DRD1_LRP4	Neuron	B2	GABAergic	GABAergic	GABAergic	61130.0	27	7396	0	L2/3-6 IT	0.15	L2/3-6 IT	Glutamatergic
0	3612.0	1777	TACAGGTTCACGTAGT.1.H5493A	H5493A	Accumbens	HD	oligo_3	Oligodendrocyte	B2	Oligodendrocyte	Oligodendrocyte lineage	Non-neuron	3612.0	28	7396	0	Oligodendrocyte	0.46	Oligodendrocyte lineage	Non-neuron
0	3171.0	1615	AAGCGTTGTACGATCT.1.5596Cd	C5596Cd	Caudate	Con	oligo_1	Oligodendrocyte	B2	Oligodendrocyte	Oligodendrocyte lineage	Non-neuron	3171.0	29	7396	0	Oligodendrocyte	0.39	Oligodendrocyte lineage	Non-neuron
0	2692.0	1514	TGGGTTACACATGTTG.1.H5109Cd	H5109Cd	Caudate	HD	Microglia_1	Microglia	B3	Microglia	Microglia	Non-neuron	2692.0	30	7397	0	Microglia	0.61	Microglia	Non-neuron
0	29142.0	5499	GACTTCCTCGGCTGGT.1.H5263Cd	H5263Cd	Caudate	HD	GABA_DRD1_SLC22A9	Neuron	B3	GABAergic	GABAergic	GABAergic	29142.0	31	7397	0	L2/3-6 IT	0.2	L2/3-6 IT	Glutamatergic
0	3473.0	1688	AACCATGGTTTCTTAC.1.H5263Cd	H5263Cd	Caudate	HD	Microglia_1	Microglia	B3	Microglia	Microglia	Non-neuron	3473.0	32	7397	0	Microglia	0.53	Microglia	Non-neuron
0	890.0	664	GTTGTCCGTGCCAAGA.1.H5608Cin	H5608Cin	Cingulate	HD	Glut_CUX2	Neuron	B3	L2/3-6 IT	L2/3-6 IT	Glutamatergic	890.0	33	7397	0	L2/3-6 IT	0.25	L2/3-6 IT	Glutamatergic
0	458.0	378	TTCGGTCGTAGTTAGA.1.C5227A	C5227A	Accumbens	Con	N_inh5_NPY	Neuron	B3	GABAergic	GABAergic	GABAergic	458.0	34	7397	0	LAMP5	0.2	CGE	GABAergic
0	944.0	718	CTCCCAAAGCCTCTGG.1.H5263Cin	H5263Cin	Cingulate	HD	N_inh4	Neuron	B3	GABAergic	GABAergic	GABAergic	944.0	35	7397	0	L2/3-6 IT	0.21	L2/3-6 IT	Glutamatergic
0	920.0	628	CTGTGAACATCATCCC.1.H5286Cin	H5286Cin	Cingulate	HD	N_inh4	Neuron	B3	GABAergic	GABAergic	GABAergic	920.0	36	7397	0	L2/3-6 IT	0.18	L2/3-6 IT	Glutamatergic
0	11039.0	4208	GCTACCTCAGTTTGGT.1.C4812Cd	C4812Cd	Caudate	Con	GABA_SEMA5A	Neuron	B3	GABAergic	GABAergic	GABAergic	11039.0	37	7397	0	PVALB	0.22	MGE	GABAergic
0	5330.0	2390	AGCGTATGTTTACGTG.1.C5700Cd	C5700Cd	Caudate	Con	oligo_1	Oligodendrocyte	B2	Oligodendrocyte	Oligodendrocyte lineage	Non-neuron	5330.0	38	7396	0	Oligodendrocyte	0.58	Oligodendrocyte lineage	Non-neuron
0	4552.0	2616	GTCACGGGTCAGTGGA.1.5404	C5404Cin	Cingulate	Con	N_inh5_NPY	Neuron	B1	GABAergic	GABAergic	GABAergic	4552.0	39	7395	0	PVALB	0.59	MGE	GABAergic
0	1422.0	908	GTCTAGAAGCGAGGAG.1.H4161A	H4161A	Accumbens	HD	Glut_RORB	Neuron	B3	L2/3-6 IT	L2/3-6 IT	Glutamatergic	1422.0	40	7397	0	L2/3-6 IT	0.25	L2/3-6 IT	Glutamatergic
0	2693.0	1537	CATGACATCAAACCAC.1.5493	H5493Cin	Cingulate	HD	oligo_3	Oligodendrocyte	B1	Oligodendrocyte	Oligodendrocyte lineage	Non-neuron	2693.0	41	7395	0	Oligodendrocyte	0.25	Oligodendrocyte lineage	Non-neuron
0	749.0	551	TGCTTCGTCTACTGCC.1.H5608Cd	H5608Cd	Caudate	HD	Glut_RORB	Neuron	B3	L2/3-6 IT	L2/3-6 IT	Glutamatergic	749.0	42	7397	0	L2/3-6 IT	0.32	L2/3-6 IT	Glutamatergic
0	473.0	372	ATTATCCCAACTTGCA.1.C5227Cd	C5227Cd	Caudate	Con	N_inh4	Neuron	B3	GABAergic	GABAergic	GABAergic	473.0	43	7397	0	L2/3-6 IT	0.15	L2/3-6 IT	Glutamatergic
0	5085.0	2209	TTGTTTGAGTACCGGA.1.C5832Cd	C5382Cd	Caudate	Con	oligo_4	Oligodendrocyte	B3	Oligodendrocyte	Oligodendrocyte lineage	Non-neuron	5085.0	44	7397	0	Oligodendrocyte	0.31	Oligodendrocyte lineage	Non-neuron
0	41157.0	6859	TAAGTCGCACAACGCC.1.H4161Cd	H4161Cd	Caudate	HD	GABA_DRD1_SLC22A9	Neuron	B3	GABAergic	GABAergic	GABAergic	41157.0	45	7397	0	L2/3-6 IT	0.24	L2/3-6 IT	Glutamatergic
0	51555.0	8350	CGGAACCCACTCATAG.1.C5596Cin	C5596Cin	Cingulate	Con	Glut_NWD2	Neuron	B3	Glutamatergic	Glutamatergic	Glutamatergic	51555.0	46	7397	0	L2/3-6 IT	0.25	L2/3-6 IT	Glutamatergic
0	1037.0	711	ACAGGGAGTAGCGAGT.1.H5608Cd	H5608Cd	Caudate	HD	Endothelial	Endothelial	B3	Endothelial	Vascular	Non-neuron	1037.0	47	7397	0	Oligodendrocyte	0.35	Oligodendrocyte lineage	Non-neuron
0	2699.0	1330	ACGGAAGCATGTGGTT.1.H5575Cd	H5575Cd	Caudate	HD	oligo_1	Oligodendrocyte	B2	Oligodendrocyte	Oligodendrocyte lineage	Non-neuron	2699.0	48	7396	0	Oligodendrocyte	0.62	Oligodendrocyte lineage	Non-neuron
0	3851.0	2089	CTCGAGGAGTGTTCAC.1.H4161Cd	H4161Cd	Caudate	HD	oligo_5	OPC	B3	OPC	Oligodendrocyte lineage	Non-neuron	3851.0	49	7397	0	OPC	0.7	Oligodendrocyte lineage	Non-neuron
0	1054.0	764	TGGGCTGGTACCTGTA.1.H5286Cin	H5286Cin	Cingulate	HD	oligo_6	OPC	B3	Oligodendrocyte	Oligodendrocyte lineage	Non-neuron	1054.0	50	7397	0	OPC	0.4	Oligodendrocyte lineage	Non-neuron
0	434.0	372	TGGAGAGGTTCCAGGC.1.H4161Cin	H4161Cin	Cingulate	HD	Glut_THEMIS	Neuron	B3	L5 ET	deep layer non-IT	Glutamatergic	434.0	51	7397	0	L2/3-6 IT	0.26	L2/3-6 IT	Glutamatergic
0	898.0	649	CGAAGTTTCGCTTGCT.1.H5263A	H5263A	Accumbens	HD	Unclassified	Neuron	B3	unknown	unknown	unknown	898.0	52	7397	0	L2/3-6 IT	0.12	L2/3-6 IT	Glutamatergic
0	1894.0	1193	CCCTCAACACACACGC.1.H4161Cd	H4161Cd	Caudate	HD	N_inh4	Neuron	B3	GABAergic	GABAergic	GABAergic	1894.0	53	7397	0	L2/3-6 IT	0.2	L2/3-6 IT	Glutamatergic
0	477.0	374	CCTCTCCCACACACTA.1.H5608Cd	H5608Cd	Caudate	HD	Microglia_1	Microglia	B3	Microglia	Microglia	Non-neuron	477.0	54	7397	0	Microglia	0.62	Microglia	Non-neuron
0	12386.0	3995	TCAGGTAGTCCTACGG.1.H5263Cd	H5263Cd	Caudate	HD	oligo_1	Oligodendrocyte	B3	Oligodendrocyte	Oligodendrocyte lineage	Non-neuron	12386.0	55	7397	0	Oligodendrocyte	0.49	Oligodendrocyte lineage	Non-neuron
0	1417.0	921	AGTCATGGTCGATGCC.1.C5700Cin	C5700Cin	Cingulate	Con	Glut_THEMIS	Neuron	B3	L5 ET	deep layer non-IT	Glutamatergic	1417.0	56	7397	0	L2/3-6 IT	0.17	L2/3-6 IT	Glutamatergic
0	903.0	736	CCGTGGATCAACACGT.1.5382	C5382Cin	Cingulate	Con	Astro_4	Astrocyte	B1	Astrocyte	Astrocyte	Non-neuron	903.0	57	7395	0	Astrocyte	0.2	Astrocyte	Non-neuron
0	4454.0	2184	CTGTATTAGCCTCAGC.1.H5109Cd	H5109Cd	Caudate	HD	Microglia_1	Microglia	B3	Microglia	Microglia	Non-neuron	4454.0	58	7397	0	Microglia	0.42	Microglia	Non-neuron
0	5584.0	2265	TCAAGTGGTATGCTAC.1.H5263A	H5263A	Accumbens	HD	Astro_4	Astrocyte	B3	Astrocyte	Astrocyte	Non-neuron	5584.0	59	7397	0	Astrocyte	0.38	Astrocyte	Non-neuron
0	8396.0	2433	ACGTACAGTCGCTTAA.1.C5700Cd	C5700Cd	Caudate	Con	oligo_1	Oligodendrocyte	B2	Oligodendrocyte	Oligodendrocyte lineage	Non-neuron	8396.0	60	7396	0	Oligodendrocyte	0.5	Oligodendrocyte lineage	Non-neuron
0	27151.0	6185	CCGGTAGTCTGTCGCT.1.H5109A	H5109A	Accumbens	HD	GABA_DRD1_SLC22A9	Neuron	B3	GABAergic	GABAergic	GABAergic	27151.0	61	7397	0	L2/3-6 IT	0.22	L2/3-6 IT	Glutamatergic
0	70723.0	8367	GACTTCCTCACTGTTT.1.C5700Cd	C5700Cd	Caudate	Con	GABA_DRD1_LRP4	Neuron	B2	GABAergic	GABAergic	GABAergic	70723.0	62	7396	0	L6 CT	0.21	deep layer non-IT	Glutamatergic
0	4951.0	2418	GCACGTGTCCATGATG.1.H5109Cd	H5109Cd	Caudate	HD	oligo_2	Oligodendrocyte	B3	Oligodendrocyte	Oligodendrocyte lineage	Non-neuron	4951.0	63	7397	0	Oligodendrocyte	0.48	Oligodendrocyte lineage	Non-neuron
0	56803.0	8171	TAGAGTCAGTAGGATT.1.C5227A	C5227A	Accumbens	Con	GABA_DRD1_SLC22A9	Neuron	B3	GABAergic	GABAergic	GABAergic	56803.0	64	7397	0	L6b	0.22	deep layer non-IT	Glutamatergic
0	8023.0	3051	GTCAAGTGTCACCACG.1.H5109A	H5109A	Accumbens	HD	Astro_1	Astrocyte	B3	Astrocyte	Astrocyte	Non-neuron	8023.0	65	7397	0	Astrocyte	0.67	Astrocyte	Non-neuron
0	2739.0	1343	ACTATCTCAAGGAGTC.1.H5608Cd	H5608Cd	Caudate	HD	oligo_2	Oligodendrocyte	B3	Oligodendrocyte	Oligodendrocyte lineage	Non-neuron	2739.0	66	7397	0	Oligodendrocyte	0.39	Oligodendrocyte lineage	Non-neuron
0	1174.0	879	GAGTCTATCTGCTGAA.1.H5286Cin	H5286Cin	Cingulate	HD	Unclassified	Neuron	B3	unknown	unknown	unknown	1174.0	67	7397	0	Astrocyte	0.22	Astrocyte	Non-neuron
0	654.0	431	TTTATGCGTAGGCTGA.1.5575	H5575Cin	Cingulate	HD	Microglia_1	Microglia	B1	Microglia	Microglia	Non-neuron	654.0	68	7395	0	Oligodendrocyte	0.19	Oligodendrocyte lineage	Non-neuron
0	477.0	395	TCTGCCAGTTCCGGTG.1.C5596Cin	C5596Cin	Cingulate	Con	Unclassified	Neuron	B3	unknown	unknown	unknown	477.0	69	7397	0	L2/3-6 IT	0.14	L2/3-6 IT	Glutamatergic
0	9341.0	3306	ACGTAGTGTTGTACGT.1.C5596Cin	C5596Cin	Cingulate	Con	Astro_4	Astrocyte	B3	Astrocyte	Astrocyte	Non-neuron	9341.0	70	7397	0	Astrocyte	0.7	Astrocyte	Non-neuron
0	8760.0	3456	GAATAGACAGAGACTG.1.H4161Cd	H4161Cd	Caudate	HD	Astro_1	Astrocyte	B3	Astrocyte	Astrocyte	Non-neuron	8760.0	71	7397	0	Astrocyte	0.65	Astrocyte	Non-neuron
0	10940.0	3764	TCCGAAATCCTCTCGA.1.C5227Cd	C5227Cd	Caudate	Con	oligo_1	Oligodendrocyte	B3	Oligodendrocyte	Oligodendrocyte lineage	Non-neuron	10940.0	72	7397	0	Oligodendrocyte	0.29	Oligodendrocyte lineage	Non-neuron
0	1072.0	811	AGCGTATAGAAACTGT.1.C5227Cin	C5227Cin	Cingulate	Con	Unclassified	Neuron	B3	unknown	unknown	unknown	1072.0	73	7397	0	L2/3-6 IT	0.2	L2/3-6 IT	Glutamatergic
0	7876.0	3231	CTGCAGGCATGAAGGC.1.C5700Cd	C5700Cd	Caudate	Con	Microglia_1	Microglia	B2	Microglia	Microglia	Non-neuron	7876.0	74	7396	0	Microglia	0.37	Microglia	Non-neuron
0	1568.0	998	TTCTTCCCACCAGACC.1.H5286Cin	H5286Cin	Cingulate	HD	Glut_RORB	Neuron	B3	L2/3-6 IT	L2/3-6 IT	Glutamatergic	1568.0	75	7397	0	L2/3-6 IT	0.35	L2/3-6 IT	Glutamatergic
0	16333.0	4763	AGGGCCTTCTTTGCAT.1.H5493A	H5493A	Accumbens	HD	oligo_2	Oligodendrocyte	B2	Oligodendrocyte	Oligodendrocyte lineage	Non-neuron	16333.0	76	7396	0	Oligodendrocyte	0.51	Oligodendrocyte lineage	Non-neuron
0	1073.0	762	CCACAAAAGTATCCTG.1.H5286Cin	H5286Cin	Cingulate	HD	N_inh5_NPY	Neuron	B3	GABAergic	GABAergic	GABAergic	1073.0	77	7397	0	PVALB	0.48	MGE	GABAergic
0	1815.0	1074	TTACTGTTCCAACCGG.1.H5263Cd	H5263Cd	Caudate	HD	Glut_SEMA3E	Neuron	B3	L5 ET	deep layer non-IT	Glutamatergic	1815.0	78	7397	0	L6b	0.24	deep layer non-IT	Glutamatergic
0	2238.0	1252	TTTAGTCCATCATCCC.1.C5227A	C5227A	Accumbens	Con	oligo_4	Oligodendrocyte	B3	Oligodendrocyte	Oligodendrocyte lineage	Non-neuron	2238.0	79	7397	0	Oligodendrocyte	0.32	Oligodendrocyte lineage	Non-neuron
0	7990.0	2935	AGTTCCCAGTTGAAAC.1.H5263Cin	H5263Cin	Cingulate	HD	oligo_4	Oligodendrocyte	B3	Oligodendrocyte	Oligodendrocyte lineage	Non-neuron	7990.0	80	7397	0	Oligodendrocyte	0.45	Oligodendrocyte lineage	Non-neuron
0	10594.0	3338	TTTACGTTCTGTTCAT.1.H5575Cd	H5575Cd	Caudate	HD	Astro_1	Astrocyte	B2	Astrocyte	Astrocyte	Non-neuron	10594.0	81	7396	0	Astrocyte	0.47	Astrocyte	Non-neuron
0	896.0	626	TCAATCTGTTCGAACT.1.H5263Cd	H5263Cd	Caudate	HD	Glut_CUX2	Neuron	B3	L2/3-6 IT	L2/3-6 IT	Glutamatergic	896.0	82	7397	0	L2/3-6 IT	0.24	L2/3-6 IT	Glutamatergic
0	1004.0	687	CCTAACCAGTTACGAA.1.H4161Cin	H4161Cin	Cingulate	HD	Glut_RORB	Neuron	B3	L2/3-6 IT	L2/3-6 IT	Glutamatergic	1004.0	83	7397	0	L2/3-6 IT	0.13	L2/3-6 IT	Glutamatergic
0	409.0	323	CATCGCTGTTACACTG.1.H4161Cin	H4161Cin	Cingulate	HD	N_inh5_NPY	Neuron	B3	GABAergic	GABAergic	GABAergic	409.0	84	7397	0	SST	0.2	MGE	GABAergic
0	7564.0	3184	AAGCGTTCATGAAGCG.1.C5832Cd	C5382Cd	Caudate	Con	oligo_5	OPC	B3	OPC	Oligodendrocyte lineage	Non-neuron	7564.0	85	7397	0	OPC	0.71	Oligodendrocyte lineage	Non-neuron
0	611.0	477	CCACGAGTCATTCACT.1.H5608A	H5608A	Accumbens	HD	oligo_8	Oligodendrocyte	B3	Oligodendrocyte	Oligodendrocyte lineage	Non-neuron	611.0	86	7397	0	Oligodendrocyte	0.42	Oligodendrocyte lineage	Non-neuron
0	521.0	419	CTCAAGATCCTGGCTT.1.C5227Cin	C5227Cin	Cingulate	Con	Unclassified	Neuron	B3	unknown	unknown	unknown	521.0	87	7397	0	L2/3-6 IT	0.17	L2/3-6 IT	Glutamatergic
0	9479.0	3590	ATCGCCTGTGCTCTTC.1.H5109A	H5109A	Accumbens	HD	Astro_4	Astrocyte	B3	Astrocyte	Astrocyte	Non-neuron	9479.0	88	7397	0	Astrocyte	0.56	Astrocyte	Non-neuron
0	665.0	516	TTCCTAAAGGGATCTG.1.H5263Cin	H5263Cin	Cingulate	HD	Glut_CUX2	Neuron	B3	L2/3-6 IT	L2/3-6 IT	Glutamatergic	665.0	89	7397	0	L2/3-6 IT	0.26	L2/3-6 IT	Glutamatergic
0	7135.0	2524	ACATTTCGTAACATAG.1.H5263Cin	H5263Cin	Cingulate	HD	oligo_4	Oligodendrocyte	B3	Oligodendrocyte	Oligodendrocyte lineage	Non-neuron	7135.0	90	7397	0	Oligodendrocyte	0.33	Oligodendrocyte lineage	Non-neuron
0	2655.0	1558	TCGCAGGGTGGGAGAG.1.H5109Cd	H5109Cd	Caudate	HD	Endothelial	Endothelial	B3	Endothelial	Vascular	Non-neuron	2655.0	91	7397	0	Oligodendrocyte	0.43	Oligodendrocyte lineage	Non-neuron
0	3194.0	1773	TGCTTGCCACTCCTTG.1.C5227Cd	C5227Cd	Caudate	Con	oligo_3	Oligodendrocyte	B3	Oligodendrocyte	Oligodendrocyte lineage	Non-neuron	3194.0	92	7397	0	Oligodendrocyte	0.6	Oligodendrocyte lineage	Non-neuron
0	6722.0	2699	CGTGCTTTCTCTCGAC.1.C5227Cin	C5227Cin	Cingulate	Con	oligo_1	Oligodendrocyte	B3	Oligodendrocyte	Oligodendrocyte lineage	Non-neuron	6722.0	93	7397	0	Oligodendrocyte	0.26	Oligodendrocyte lineage	Non-neuron
0	1080.0	802	GTCGAATAGATGCAGC.1.H5109Cin	H5109Cin	Cingulate	HD	oligo_6	OPC	B3	Oligodendrocyte	Oligodendrocyte lineage	Non-neuron	1080.0	94	7397	0	OPC	0.19	Oligodendrocyte lineage	Non-neuron
0	2002.0	1262	AGGTCATTCGCAGTCG.1.C5596Cin	C5596Cin	Cingulate	Con	Microglia_1	Microglia	B3	Microglia	Microglia	Non-neuron	2002.0	95	7397	0	Microglia	0.46	Microglia	Non-neuron
0	1378.0	968	CCGGTAGTCATGAGAA.1.H5263A	H5263A	Accumbens	HD	N_inh4	Neuron	B3	GABAergic	GABAergic	GABAergic	1378.0	96	7397	0	L2/3-6 IT	0.25	L2/3-6 IT	Glutamatergic
0	6736.0	2606	CGCATAATCATACGAC.1.5596Cd	C5596Cd	Caudate	Con	Microglia_1	Microglia	B2	Microglia	Microglia	Non-neuron	6736.0	97	7396	0	Microglia	0.3	Microglia	Non-neuron
0	720.0	497	CCCTCTCCATGGCGCT.1.H5263Cin	H5263Cin	Cingulate	HD	N_inh5_NPY	Neuron	B3	GABAergic	GABAergic	GABAergic	720.0	98	7397	0	LAMP5	0.23	CGE	GABAergic
0	5561.0	2614	GGGTCTGTCATACAGC.1.H4161Cd	H4161Cd	Caudate	HD	oligo_5	OPC	B3	OPC	Oligodendrocyte lineage	Non-neuron	5561.0	99	7397	0	OPC	0.8	Oligodendrocyte lineage	Non-neuron
