orig.ident	nCount_RNA	nFeature_RNA	cellid	case_num	Location	Condition	Cluster	Lineage	batch	subclass	class	family	n_counts	joinid	_scvi_batch	_scvi_labels	predicted_subclass	confidence	predicted_class	predicted_family
0	1448.0	932	CCCAACTGTGGTGATG.1.H5263Cin	H5263Cin	Cingulate	HD	Glut_EYA1	Neuron	B3	Glutamatergic	Glutamatergic	Glutamatergic	1448.0	0	7396	0	L2/3-6 IT	0.23	L2/3-6 IT	Glutamatergic
0	963.0	671	AAAGTGATCAGACCGC.1.H5608Cin	H5608Cin	Cingulate	HD	Glut_THEMIS	Neuron	B3	L5 ET	deep layer non-IT	Glutamatergic	963.0	1	7396	0	L2/3-6 IT	0.24	L2/3-6 IT	Glutamatergic
0	879.0	601	GAGTTTGCACTAGTAC.1.H5608Cin	H5608Cin	Cingulate	HD	Glut_CUX2	Neuron	B3	L2/3-6 IT	L2/3-6 IT	Glutamatergic	879.0	2	7396	0	Endothelial	0.15	Vascular	Non-neuron
0	12404.0	4016	TTTAGTCCATCATTGG.1.C5227Cin	C5227Cin	Cingulate	Con	Astro_4	Astrocyte	B3	Astrocyte	Astrocyte	Non-neuron	12404.0	3	7396	0	Astrocyte	0.59	Astrocyte	Non-neuron
0	983.0	651	TGACCCTGTTGACGGA.1.H5263Cin	H5263Cin	Cingulate	HD	Glut_CUX2	Neuron	B3	L2/3-6 IT	L2/3-6 IT	Glutamatergic	983.0	4	7396	0	L2/3-6 IT	0.18	L2/3-6 IT	Glutamatergic
0	760.0	561	GTGTGATCAGATTTCG.1.H5263Cin	H5263Cin	Cingulate	HD	N_inh5_NPY	Neuron	B3	GABAergic	GABAergic	GABAergic	760.0	5	7396	0	VIP	0.14	CGE	GABAergic
0	2205.0	1524	ATGTCCCGTCATATGC.1.H5286Cin	H5286Cin	Cingulate	HD	Ependymal_1	Ependymal	B3	Endothelial	Vascular	Non-neuron	2205.0	6	7396	0	SST	0.15	MGE	GABAergic
0	806.0	576	AAAGTGATCAGACCGC.1.H4161Cin	H4161Cin	Cingulate	HD	Glut_THEMIS	Neuron	B3	L5 ET	deep layer non-IT	Glutamatergic	806.0	7	7396	0	L2/3-6 IT	0.3	L2/3-6 IT	Glutamatergic
0	5013.0	2598	CAGTCCTTCCTCGCAT.1.5404	C5404Cin	Cingulate	Con	N_inh5_NPY	Neuron	B1	GABAergic	GABAergic	GABAergic	5013.0	8	7395	0	Chandelier	0.23	MGE	GABAergic
0	4512.0	2031	GCACGGTTCTGCACCT.1.C5227Cin	C5227Cin	Cingulate	Con	oligo_4	Oligodendrocyte	B3	Oligodendrocyte	Oligodendrocyte lineage	Non-neuron	4512.0	9	7396	0	Oligodendrocyte	0.76	Oligodendrocyte lineage	Non-neuron
0	678.0	520	GGAACCCAGGTACCTT.1.H5263Cin	H5263Cin	Cingulate	HD	Glut_EYA1	Neuron	B3	Glutamatergic	Glutamatergic	Glutamatergic	678.0	10	7396	0	L2/3-6 IT	0.2	L2/3-6 IT	Glutamatergic
0	40442.0	7407	TGTTCTAAGCGAAACC.1.C5700Cin	C5700Cin	Cingulate	Con	Glut_CTGF	Neuron	B3	Glutamatergic	Glutamatergic	Glutamatergic	40442.0	11	7396	0	L6 CT	0.48	deep layer non-IT	Glutamatergic
0	5537.0	2808	TATCGCCTCACGATAC.1.H5286Cin	H5286Cin	Cingulate	HD	N_inh4	Neuron	B3	GABAergic	GABAergic	GABAergic	5537.0	12	7396	0	Microglia	0.17	Microglia	Non-neuron
0	639.0	502	ATTGTTCAGGGTAGCT.1.C5596Cin	C5596Cin	Cingulate	Con	N_inh4	Neuron	B3	GABAergic	GABAergic	GABAergic	639.0	13	7396	0	SST	0.24	MGE	GABAergic
0	783.0	596	TAGAGCTGTAAATGTG.1.5493	H5493Cin	Cingulate	HD	oligo_2	Oligodendrocyte	B1	Oligodendrocyte	Oligodendrocyte lineage	Non-neuron	783.0	14	7395	0	L6 CT	0.16	deep layer non-IT	Glutamatergic
0	1001.0	759	CACGTGGTCATCACCC.1.C5227Cin	C5227Cin	Cingulate	Con	Glut_RORB	Neuron	B3	L2/3-6 IT	L2/3-6 IT	Glutamatergic	1001.0	15	7396	0	SST	0.39	MGE	GABAergic
0	7722.0	2785	ATTACTCTCAGGACAG.1.H5263Cin	H5263Cin	Cingulate	HD	oligo_5	OPC	B3	OPC	Oligodendrocyte lineage	Non-neuron	7722.0	16	7396	0	OPC	0.81	Oligodendrocyte lineage	Non-neuron
0	1315.0	981	CGGGCATTCCCATTCG.1.C5700Cin	C5700Cin	Cingulate	Con	Ependymal_2	Ependymal	B3	Endothelial	Vascular	Non-neuron	1315.0	17	7396	0	Astrocyte	0.3	Astrocyte	Non-neuron
0	642.0	506	GTACAACAGACGATAT.1.C5227Cin	C5227Cin	Cingulate	Con	N_inh4	Neuron	B3	GABAergic	GABAergic	GABAergic	642.0	18	7396	0	L2/3-6 IT	0.24	L2/3-6 IT	Glutamatergic
0	27514.0	5981	TTCTGTAGTAAGACCG.1.H5109Cin	H5109Cin	Cingulate	HD	GABA_CCK	Neuron	B3	GABAergic	GABAergic	GABAergic	27514.0	19	7396	0	VIP	0.55	CGE	GABAergic
0	1492.0	997	ACTATGGCATGACTGT.1.H5608Cin	H5608Cin	Cingulate	HD	N_inh4	Neuron	B3	GABAergic	GABAergic	GABAergic	1492.0	20	7396	0	L2/3-6 IT	0.31	L2/3-6 IT	Glutamatergic
0	4214.0	2139	TAGGGTTAGGGACACT.1.H5608Cin	H5608Cin	Cingulate	HD	oligo_3	Oligodendrocyte	B3	Oligodendrocyte	Oligodendrocyte lineage	Non-neuron	4214.0	21	7396	0	Oligodendrocyte	0.55	Oligodendrocyte lineage	Non-neuron
0	10289.0	3680	TCGATTTCAGGACTAG.1.C5700Cin	C5700Cin	Cingulate	Con	Astro_4	Astrocyte	B3	Astrocyte	Astrocyte	Non-neuron	10289.0	22	7396	0	Astrocyte	0.71	Astrocyte	Non-neuron
0	875.0	628	CGGACACTCCTACAAG.1.H5608Cin	H5608Cin	Cingulate	HD	Glut_EYA1	Neuron	B3	Glutamatergic	Glutamatergic	Glutamatergic	875.0	23	7396	0	L2/3-6 IT	0.22	L2/3-6 IT	Glutamatergic
0	1877.0	1208	TCGAACAAGCACCGAA.1.H5286Cin	H5286Cin	Cingulate	HD	Glut_EYA1	Neuron	B3	Glutamatergic	Glutamatergic	Glutamatergic	1877.0	24	7396	0	L2/3-6 IT	0.2	L2/3-6 IT	Glutamatergic
0	679.0	524	CATACTTCACCGTCGA.1.H5263Cin	H5263Cin	Cingulate	HD	N_inh4	Neuron	B3	GABAergic	GABAergic	GABAergic	679.0	25	7396	0	L2/3-6 IT	0.17	L2/3-6 IT	Glutamatergic
0	983.0	654	TACCCGTCAATTAGGA.1.H5286Cin	H5286Cin	Cingulate	HD	N_inh5_NPY	Neuron	B3	GABAergic	GABAergic	GABAergic	983.0	26	7396	0	VIP	0.35	CGE	GABAergic
0	1285.0	877	ACTTCCGGTGTTGCCG.1.H5263Cin	H5263Cin	Cingulate	HD	Glut_RORB	Neuron	B3	L2/3-6 IT	L2/3-6 IT	Glutamatergic	1285.0	27	7396	0	L6b	0.15	deep layer non-IT	Glutamatergic
0	1055.0	758	TATATCCTCGTTATCT.1.C5700Cin	C5700Cin	Cingulate	Con	Glut_EYA1	Neuron	B3	Glutamatergic	Glutamatergic	Glutamatergic	1055.0	28	7396	0	L2/3-6 IT	0.21	L2/3-6 IT	Glutamatergic
0	4971.0	2416	GTGGTTAGTTCTTCAT.1.C5700Cin	C5700Cin	Cingulate	Con	oligo_4	Oligodendrocyte	B3	Oligodendrocyte	Oligodendrocyte lineage	Non-neuron	4971.0	29	7396	0	Oligodendrocyte	0.34	Oligodendrocyte lineage	Non-neuron
0	2190.0	1247	AGCGCTGCAAGAGCTG.1.H5608Cin	H5608Cin	Cingulate	HD	Glut_RORB	Neuron	B3	L2/3-6 IT	L2/3-6 IT	Glutamatergic	2190.0	30	7396	0	L6b	0.14	deep layer non-IT	Glutamatergic
0	678.0	555	TCAGCAACAACAGAGC.1.H4161Cin	H4161Cin	Cingulate	HD	N_inh5_NPY	Neuron	B3	GABAergic	GABAergic	GABAergic	678.0	31	7396	0	SST	0.22	MGE	GABAergic
0	535.0	415	ATCGCCTGTTGCGGAA.1.H5608Cin	H5608Cin	Cingulate	HD	N_inh4	Neuron	B3	GABAergic	GABAergic	GABAergic	535.0	32	7396	0	L2/3-6 IT	0.18	L2/3-6 IT	Glutamatergic
0	799.0	608	TTCTGTAGTTCGGCTG.1.C5227Cin	C5227Cin	Cingulate	Con	Glut_EYA1	Neuron	B3	Glutamatergic	Glutamatergic	Glutamatergic	799.0	33	7396	0	L2/3-6 IT	0.38	L2/3-6 IT	Glutamatergic
0	3653.0	1831	GGACGTCTCGGAATGG.1.C5227Cin	C5227Cin	Cingulate	Con	Microglia_1	Microglia	B3	Microglia	Microglia	Non-neuron	3653.0	34	7396	0	Microglia	0.53	Microglia	Non-neuron
0	487.0	389	TGTAACGTCCCTTGGT.1.H4161Cin	H4161Cin	Cingulate	HD	N_inh4	Neuron	B3	GABAergic	GABAergic	GABAergic	487.0	35	7396	0	L2/3-6 IT	0.19	L2/3-6 IT	Glutamatergic
0	1059.0	743	TGGGCGTAGAATTCCC.1.5493	H5493Cin	Cingulate	HD	oligo_3	Oligodendrocyte	B1	Oligodendrocyte	Oligodendrocyte lineage	Non-neuron	1059.0	36	7395	0	Oligodendrocyte	0.29	Oligodendrocyte lineage	Non-neuron
0	942.0	652	CGTGCTTCACGCTGTG.1.H5286Cin	H5286Cin	Cingulate	HD	Glut_THEMIS	Neuron	B3	L5 ET	deep layer non-IT	Glutamatergic	942.0	37	7396	0	L2/3-6 IT	0.28	L2/3-6 IT	Glutamatergic
0	46626.0	7828	TTAATCCTCCGAACGC.1.C5596Cin	C5596Cin	Cingulate	Con	Glut_CTGF	Neuron	B3	Glutamatergic	Glutamatergic	Glutamatergic	46626.0	38	7396	0	L6 CT	0.41	deep layer non-IT	Glutamatergic
0	734.0	554	TCAGTCCGTTACACTG.1.H5109Cin	H5109Cin	Cingulate	HD	Glut_CUX2	Neuron	B3	L2/3-6 IT	L2/3-6 IT	Glutamatergic	734.0	39	7396	0	L2/3-6 IT	0.2	L2/3-6 IT	Glutamatergic
0	5265.0	2704	TTTCCTCAGATGAGAG.1.5493	H5493Cin	Cingulate	HD	Glut_GUCY1B3	Neuron	B1	Glutamatergic	Glutamatergic	Glutamatergic	5265.0	40	7395	0	L5 ET	0.2	deep layer non-IT	Glutamatergic
0	607.0	469	ATAGGCTTCGAGCCAC.1.H5608Cin	H5608Cin	Cingulate	HD	N_inh5_NPY	Neuron	B3	GABAergic	GABAergic	GABAergic	607.0	41	7396	0	CGE	0.16	CGE	GABAergic
0	14507.0	4029	CATAGACCACTCAAGT.1.H5109Cin	H5109Cin	Cingulate	HD	Astro_4	Astrocyte	B3	Astrocyte	Astrocyte	Non-neuron	14507.0	42	7396	0	Astrocyte	0.47	Astrocyte	Non-neuron
0	423.0	337	AATGCCATCATGTCAG.1.C5596Cin	C5596Cin	Cingulate	Con	Glut_CUX2	Neuron	B3	L2/3-6 IT	L2/3-6 IT	Glutamatergic	423.0	43	7396	0	L2/3-6 IT	0.33	L2/3-6 IT	Glutamatergic
0	601.0	493	TTTGGAGTCCGTGTCT.1.H4161Cin	H4161Cin	Cingulate	HD	Glut_RORB	Neuron	B3	L2/3-6 IT	L2/3-6 IT	Glutamatergic	601.0	44	7396	0	SST	0.27	MGE	GABAergic
0	727.0	552	AAGTACCGTGATACCT.1.H5608Cin	H5608Cin	Cingulate	HD	N_inh4	Neuron	B3	GABAergic	GABAergic	GABAergic	727.0	45	7396	0	SST	0.14	MGE	GABAergic
0	964.0	700	GGAATCTTCGAGGCAA.1.H4161Cin	H4161Cin	Cingulate	HD	Glut_THEMIS	Neuron	B3	L5 ET	deep layer non-IT	Glutamatergic	964.0	46	7396	0	L2/3-6 IT	0.22	L2/3-6 IT	Glutamatergic
0	573.0	436	GACGTTATCTCGAACA.1.C5227Cin	C5227Cin	Cingulate	Con	oligo_6	OPC	B3	Oligodendrocyte	Oligodendrocyte lineage	Non-neuron	573.0	47	7396	0	OPC	0.51	Oligodendrocyte lineage	Non-neuron
0	637.0	500	AAGGAGCTCGTTTATC.1.5493	H5493Cin	Cingulate	HD	oligo_3	Oligodendrocyte	B1	Oligodendrocyte	Oligodendrocyte lineage	Non-neuron	637.0	48	7395	0	Oligodendrocyte	0.17	Oligodendrocyte lineage	Non-neuron
0	43506.0	8759	TCTCTGGAGCGTTCCG.1.C5700Cin	C5700Cin	Cingulate	Con	Glut_NWD2	Neuron	B3	Glutamatergic	Glutamatergic	Glutamatergic	43506.0	49	7396	0	L6 CT	0.25	deep layer non-IT	Glutamatergic
0	1502.0	808	AGCGTATTCATGCATG.1.5575	H5575Cin	Cingulate	HD	oligo_1	Oligodendrocyte	B1	Oligodendrocyte	Oligodendrocyte lineage	Non-neuron	1502.0	50	7395	0	Oligodendrocyte	0.35	Oligodendrocyte lineage	Non-neuron
0	14480.0	4465	ATCGTAGCATCACGGC.1.H5109Cin	H5109Cin	Cingulate	HD	Astro_4	Astrocyte	B3	Astrocyte	Astrocyte	Non-neuron	14480.0	51	7396	0	Astrocyte	0.25	Astrocyte	Non-neuron
0	1324.0	861	ATCCGTCTCTGGCTGG.1.H5286Cin	H5286Cin	Cingulate	HD	Glut_CUX2	Neuron	B3	L2/3-6 IT	L2/3-6 IT	Glutamatergic	1324.0	52	7396	0	L2/3-6 IT	0.25	L2/3-6 IT	Glutamatergic
0	1581.0	1000	CTGAGGCTCGCGGTAC.1.H5286Cin	H5286Cin	Cingulate	HD	Glut_THEMIS	Neuron	B3	L5 ET	deep layer non-IT	Glutamatergic	1581.0	53	7396	0	L2/3-6 IT	0.34	L2/3-6 IT	Glutamatergic
0	412.0	345	CCTCATGTCACGGAGA.1.H4161Cin	H4161Cin	Cingulate	HD	N_inh5_NPY	Neuron	B3	GABAergic	GABAergic	GABAergic	412.0	54	7396	0	SST	0.22	MGE	GABAergic
0	752.0	524	AAGCCGCTCGTCACGG.1.5575	H5575Cin	Cingulate	HD	oligo_1	Oligodendrocyte	B1	Oligodendrocyte	Oligodendrocyte lineage	Non-neuron	752.0	55	7395	0	Oligodendrocyte	0.45	Oligodendrocyte lineage	Non-neuron
0	5035.0	2255	GTCATGAAGCTGGTGA.1.H5286Cin	H5286Cin	Cingulate	HD	Glut_RORB	Neuron	B3	L2/3-6 IT	L2/3-6 IT	Glutamatergic	5035.0	56	7396	0	L2/3-6 IT	0.34	L2/3-6 IT	Glutamatergic
0	9898.0	3181	CTCATTACACCATTCC.1.H5109Cin	H5109Cin	Cingulate	HD	oligo_2	Oligodendrocyte	B3	Oligodendrocyte	Oligodendrocyte lineage	Non-neuron	9898.0	57	7396	0	Oligodendrocyte	0.55	Oligodendrocyte lineage	Non-neuron
0	502.0	384	GTCGAATTCCTACCGT.1.H5109Cin	H5109Cin	Cingulate	HD	N_inh4	Neuron	B3	GABAergic	GABAergic	GABAergic	502.0	58	7396	0	L2/3-6 IT	0.21	L2/3-6 IT	Glutamatergic
0	4261.0	2201	GTGGCGTCACGTAGAG.1.C5700Cin	C5700Cin	Cingulate	Con	Astro_4	Astrocyte	B3	Astrocyte	Astrocyte	Non-neuron	4261.0	59	7396	0	Astrocyte	0.69	Astrocyte	Non-neuron
0	560.0	459	GCAACATAGCTGGCCT.1.H5608Cin	H5608Cin	Cingulate	HD	N_inh5_NPY	Neuron	B3	GABAergic	GABAergic	GABAergic	560.0	60	7396	0	CGE	0.26	CGE	GABAergic
0	578.0	447	TGTCCTGGTTGGGCCT.1.C5596Cin	C5596Cin	Cingulate	Con	N_inh4	Neuron	B3	GABAergic	GABAergic	GABAergic	578.0	61	7396	0	L2/3-6 IT	0.26	L2/3-6 IT	Glutamatergic
0	554.0	431	GGTCTGGAGCTAGTTC.1.H5263Cin	H5263Cin	Cingulate	HD	Glut_THEMIS	Neuron	B3	L5 ET	deep layer non-IT	Glutamatergic	554.0	62	7396	0	L2/3-6 IT	0.16	L2/3-6 IT	Glutamatergic
0	8024.0	3479	TTTACTGAGCTTCTAG.1.C5596Cin	C5596Cin	Cingulate	Con	Glut_NWD2	Neuron	B3	Glutamatergic	Glutamatergic	Glutamatergic	8024.0	63	7396	0	L2/3-6 IT	0.37	L2/3-6 IT	Glutamatergic
0	12902.0	4434	TCCGATCTCAAACCTG.1.C5227Cin	C5227Cin	Cingulate	Con	oligo_5	OPC	B3	OPC	Oligodendrocyte lineage	Non-neuron	12902.0	64	7396	0	OPC	0.63	Oligodendrocyte lineage	Non-neuron
0	1618.0	1113	GCAGTTATCAACACCA.1.5404	C5404Cin	Cingulate	Con	Astro_4	Astrocyte	B1	Astrocyte	Astrocyte	Non-neuron	1618.0	65	7395	0	L6 CT	0.19	deep layer non-IT	Glutamatergic
0	1151.0	750	TATTTCGCACCTATCC.1.H5608Cin	H5608Cin	Cingulate	HD	Glut_SEMA3E	Neuron	B3	L5 ET	deep layer non-IT	Glutamatergic	1151.0	66	7396	0	L6 CT	0.36	deep layer non-IT	Glutamatergic
0	712.0	533	CAGCACGGTCAGCTTA.1.C5700Cin	C5700Cin	Cingulate	Con	Glut_CUX2	Neuron	B3	L2/3-6 IT	L2/3-6 IT	Glutamatergic	712.0	67	7396	0	SST	0.17	MGE	GABAergic
0	1013.0	691	ACTTCCGGTATCAAGA.1.H5263Cin	H5263Cin	Cingulate	HD	N_inh4	Neuron	B3	GABAergic	GABAergic	GABAergic	1013.0	68	7396	0	L2/3-6 IT	0.32	L2/3-6 IT	Glutamatergic
0	557.0	418	CAGCACGGTACGATTC.1.H5109Cin	H5109Cin	Cingulate	HD	N_inh4	Neuron	B3	GABAergic	GABAergic	GABAergic	557.0	69	7396	0	VIP	0.18	CGE	GABAergic
0	349.0	306	ATTCGTTAGTGCAAAT.1.H4161Cin	H4161Cin	Cingulate	HD	N_inh4	Neuron	B3	GABAergic	GABAergic	GABAergic	349.0	70	7396	0	L2/3-6 IT	0.14	L2/3-6 IT	Glutamatergic
0	23629.0	6015	GGTTAACGTTGTCAGT.1.C5700Cin	C5700Cin	Cingulate	Con	Glut_CTGF	Neuron	B3	Glutamatergic	Glutamatergic	Glutamatergic	23629.0	71	7396	0	L6 CT	0.57	deep layer non-IT	Glutamatergic
0	1564.0	844	TATCTCAGTGCACTTA.1.5493	H5493Cin	Cingulate	HD	Astro_4	Astrocyte	B1	Astrocyte	Astrocyte	Non-neuron	1564.0	72	7395	0	L6 CT	0.2	deep layer non-IT	Glutamatergic
0	795.0	560	CAATGACTCCGACATA.1.H5263Cin	H5263Cin	Cingulate	HD	Glut_CUX2	Neuron	B3	L2/3-6 IT	L2/3-6 IT	Glutamatergic	795.0	73	7396	0	L2/3-6 IT	0.28	L2/3-6 IT	Glutamatergic
0	930.0	631	GCAGCCATCCGTGTAA.1.H4161Cin	H4161Cin	Cingulate	HD	Glut_CUX2	Neuron	B3	L2/3-6 IT	L2/3-6 IT	Glutamatergic	930.0	74	7396	0	L2/3-6 IT	0.19	L2/3-6 IT	Glutamatergic
0	1466.0	954	CTTCGGTGTATACCTG.1.H5286Cin	H5286Cin	Cingulate	HD	Glut_SEMA3E	Neuron	B3	L5 ET	deep layer non-IT	Glutamatergic	1466.0	75	7396	0	L6 CT	0.44	deep layer non-IT	Glutamatergic
0	542.0	433	CATGCAACAGGTACGA.1.H5263Cin	H5263Cin	Cingulate	HD	Glut_EYA1	Neuron	B3	Glutamatergic	Glutamatergic	Glutamatergic	542.0	76	7396	0	SST	0.19	MGE	GABAergic
0	1377.0	978	TGTGTTTAGTCTCAAC.1.5404	C5404Cin	Cingulate	Con	oligo_1	Oligodendrocyte	B1	Oligodendrocyte	Oligodendrocyte lineage	Non-neuron	1377.0	77	7395	0	Oligodendrocyte	0.15	Oligodendrocyte lineage	Non-neuron
0	1178.0	788	TGCACGGTCACCGGGT.1.H5286Cin	H5286Cin	Cingulate	HD	Glut_EYA1	Neuron	B3	Glutamatergic	Glutamatergic	Glutamatergic	1178.0	78	7396	0	L2/3-6 IT	0.24	L2/3-6 IT	Glutamatergic
0	717.0	589	CGTCAGGAGAAGGTGA.1.5404	C5404Cin	Cingulate	Con	Glut_GUCY1B3	Neuron	B1	Glutamatergic	Glutamatergic	Glutamatergic	717.0	79	7395	0	L5 ET	0.17	deep layer non-IT	Glutamatergic
0	618.0	468	TTCTGTACATTCACAG.1.C5700Cin	C5700Cin	Cingulate	Con	N_inh4	Neuron	B3	GABAergic	GABAergic	GABAergic	618.0	80	7396	0	L2/3-6 IT	0.23	L2/3-6 IT	Glutamatergic
0	1114.0	851	CACACAAGTTATCACG.1.5404	C5404Cin	Cingulate	Con	Microglia_1	Microglia	B1	Microglia	Microglia	Non-neuron	1114.0	81	7395	0	L5 ET	0.14	deep layer non-IT	Glutamatergic
0	543.0	451	AGTAGTCCAACAACAA.1.H5263Cin	H5263Cin	Cingulate	HD	N_inh5_NPY	Neuron	B3	GABAergic	GABAergic	GABAergic	543.0	82	7396	0	PVALB	0.15	MGE	GABAergic
0	2261.0	1532	CATGCTCTCAGCCTCT.1.H5286Cin	H5286Cin	Cingulate	HD	Ependymal_2	Ependymal	B3	Endothelial	Vascular	Non-neuron	2261.0	83	7396	0	Astrocyte	0.29	Astrocyte	Non-neuron
0	973.0	700	GCACATAAGGCTCACC.1.H5263Cin	H5263Cin	Cingulate	HD	N_inh4	Neuron	B3	GABAergic	GABAergic	GABAergic	973.0	84	7396	0	L2/3-6 IT	0.23	L2/3-6 IT	Glutamatergic
0	6419.0	3307	AACTCTTGTAACGTTC.1.5493	H5493Cin	Cingulate	HD	Glut_GUCY1B3	Neuron	B1	Glutamatergic	Glutamatergic	Glutamatergic	6419.0	85	7395	0	L6 CT	0.41	deep layer non-IT	Glutamatergic
0	1088.0	739	CAGGCCACAATGTTGC.1.H5286Cin	H5286Cin	Cingulate	HD	Glut_RORB	Neuron	B3	L2/3-6 IT	L2/3-6 IT	Glutamatergic	1088.0	86	7396	0	Microglia	0.27	Microglia	Non-neuron
