orig.ident	nCount_RNA	nFeature_RNA	cell	cluster	sample	individual	region	age	sex	diagnosis	Capbatch	Seqbatch	post.mortem.interval..hours.	RNA.Integrity.Number	genes	UMIs	RNA.mitochondr..percent	RNA.ribosomal.percent	rachel_subclass	rachel_class	rachel_family	n_counts	joinid	batch	_scvi_batch	_scvi_labels	predicted_rachel_subclass	confidence	predicted_rachel_class	predicted_rachel_family
0	778.0	619	TACACGAAGGTGTTAA-1_5978_BA24	AST-FB	5978_BA24	5978	ACC	11	M	ASD	CB9	SB3	21	7.4	619	778	0.7712082	0.3856041	Astrocyte	Astrocyte	Non-neuron	778.0	0	5978_BA24	7426	0	Astrocyte	0.44	Astrocyte	Non-neuron
0	647.0	565	TCCACACTCTTTAGTC-1_4899_BA24	Neu-NRGN-II	4899_BA24	4899	ACC	14	M	ASD	CB3	SB1	9	7.6	565	647	1.3910355	2.3183926	Glutamatergic	Glutamatergic	Glutamatergic	647.0	1	4899_BA24	7399	0	L2/3-6 IT	0.28	L2/3-6 IT	Glutamatergic
0	811.0	655	AGAGCGACAGAGTGTG-1_5893_BA24	Microglia	5893_BA24	5893	ACC	19	M	Control	CB8	SB3	11	8.4	655	811	0.1233046	1.6029593	Microglia	Microglia	Non-neuron	811.0	2	5893_BA24	7419	0	Microglia	0.39	Microglia	Non-neuron
0	882.0	715	TGGCTGGCACCTTGTC-1_5387_BA9	Oligodendrocytes	5387_BA9	5387	PFC	12	M	Control	CB6	SB2	13	7.6	715	882	2.154195	1.0204082	Oligodendrocyte	Oligodendrocyte lineage	Non-neuron	882.0	3	5387_BA9	7406	0	Oligodendrocyte	0.2	Oligodendrocyte lineage	Non-neuron
0	4729.0	2367	AGAATAGTCTTGAGAC-1_5538_PFC_Nova	AST-FB	5538_PFC_Nova	5538	PFC	19	F	Control	CB2	SB1	24	8.3	2367	4729	0.2960457	1.5013745	Astrocyte	Astrocyte	Non-neuron	4729.0	4	5538_PFC_Nova	7411	0	Oligodendrocyte	0.24	Oligodendrocyte lineage	Non-neuron
0	3739.0	2177	CGATCGGGTTCATGGT-1_5391_BA24	IN-PV	5391_BA24	5391	ACC	8	M	Control	CB3	SB1	12	7.6	2177	3739	2.6745119	0.5883926	PVALB	MGE	GABAergic	3739.0	5	5391_BA24	7407	0	SST	0.2	MGE	GABAergic
0	1977.0	1326	GGGCACTAGTTTGCGT-1_4341_BA46	Neu-NRGN-I	4341_BA46	4341	PFC	13	M	Control	CB6	SB2	16	7.2	1326	1977	3.5407183	2.3773394	Glutamatergic	Glutamatergic	Glutamatergic	1977.0	6	4341_BA46	7397	0	L2/3-6 IT	0.18	L2/3-6 IT	Glutamatergic
0	1751.0	1277	TGTATTCTCAGCACAT-1_4899_BA24	IN-VIP	4899_BA24	4899	ACC	14	M	ASD	CB3	SB1	9	7.6	1277	1751	2.9126214	0.6853227	VIP	CGE	GABAergic	1751.0	7	4899_BA24	7399	0	VIP	0.32	CGE	GABAergic
0	1865.0	1241	CCTACCACAGCGAACA-1_5278_BA24	OPC	5278_BA24	5278	ACC	15	F	ASD	CB3	SB1	13	7.2	1241	1865	1.0723861	0.7506702	OPC	Oligodendrocyte lineage	Non-neuron	1865.0	8	5278_BA24	7402	0	OPC	0.46	Oligodendrocyte lineage	Non-neuron
0	33611.0	8256	GGATGTTAGCTCAACT-1_5554_BA24	L4	5554_BA24	5554	ACC	13	F	Control	CB9	SB3	15	8.3	8257	33612	0.8568368	0.8032845	L2/3-6 IT	L2/3-6 IT	Glutamatergic	33611.0	9	5554_BA24	7412	0	L2/3-6 IT	0.18	L2/3-6 IT	Glutamatergic
0	2529.0	1578	GACACGCCACATGTGT-1_5294_BA24	Neu-mat	5294_BA24	5294	ACC	19	M	ASD	CB8	SB3	16	7.5	1578	2529	0.8699091	0.5535785	Glutamatergic	Glutamatergic	Glutamatergic	2529.0	10	5294_BA24	7404	0	L2/3-6 IT	0.3	L2/3-6 IT	Glutamatergic
0	8756.0	4257	CGATGTACACCACCAG-1_5554_BA24	IN-PV	5554_BA24	5554	ACC	13	F	Control	CB9	SB3	15	8.3	4257	8756	0.7994518	1.3704888	PVALB	MGE	GABAergic	8756.0	11	5554_BA24	7412	0	SST	0.16	MGE	GABAergic
0	3478.0	1928	CGACTTCGTTCTGAAC-1_5278_BA24	Neu-NRGN-I	5278_BA24	5278	ACC	15	F	ASD	CB3	SB1	13	7.2	1928	3478	3.2202415	0.5750431	Glutamatergic	Glutamatergic	Glutamatergic	3478.0	12	5278_BA24	7402	0	L5 ET	0.13	deep layer non-IT	Glutamatergic
0	3687.0	2153	CTACCCAAGGGCATGT-1_5554_BA24	Neu-NRGN-I	5554_BA24	5554	ACC	13	F	Control	CB9	SB3	15	8.3	2153	3687	1.2476268	2.3053973	Glutamatergic	Glutamatergic	Glutamatergic	3687.0	13	5554_BA24	7412	0	L6 CT	0.23	deep layer non-IT	Glutamatergic
0	1958.0	1228	TACTCATAGCGAAGGG-1_5403_PFC	AST-PP	5403_PFC	5403	PFC	16	M	ASD	CB1	SB1	35	6.8	1228	1958	0.6639428	0.2042901	Astrocyte	Astrocyte	Non-neuron	1958.0	14	5403_PFC	7408	0	Astrocyte	0.64	Astrocyte	Non-neuron
0	679.0	579	TAAGTGCTCGTGACAT-1_5387_BA9	AST-FB	5387_BA9	5387	PFC	12	M	Control	CB6	SB2	13	7.6	579	679	1.6200295	1.3254786	Astrocyte	Astrocyte	Non-neuron	679.0	15	5387_BA9	7406	0	Astrocyte	0.29	Astrocyte	Non-neuron
0	751.0	588	TCATTTGGTGGAAAGA-1_5577_BA9	Oligodendrocytes	5577_BA9	5577	PFC	21	M	Control	CB6	SB2	19	8.6	588	751	0.665779	1.8641811	Oligodendrocyte	Oligodendrocyte lineage	Non-neuron	751.0	16	5577_BA9	7415	0	Oligodendrocyte	0.26	Oligodendrocyte lineage	Non-neuron
0	1803.0	1280	ACATCAGAGCGTGAAC-1_5841_BA9	Neu-NRGN-I	5841_BA9	5841	PFC	12	M	ASD	CB6	SB2	15	8.4	1280	1803	1.0537992	1.6638935	Glutamatergic	Glutamatergic	Glutamatergic	1803.0	17	5841_BA9	7416	0	L6 CT	0.2	deep layer non-IT	Glutamatergic
0	752.0	614	CTACCCACATGCTGGC-1_5893_BA24	Neu-NRGN-II	5893_BA24	5893	ACC	19	M	Control	CB8	SB3	11	8.4	614	752	1.7287234	1.1968085	Glutamatergic	Glutamatergic	Glutamatergic	752.0	18	5893_BA24	7419	0	L2/3-6 IT	0.16	L2/3-6 IT	Glutamatergic
0	5874.0	2751	ATTTCTGCAATAAGCA-1_5577_BA9	IN-PV	5577_BA9	5577	PFC	21	M	Control	CB6	SB2	19	8.6	2751	5874	0.3745318	0.6128703	PVALB	MGE	GABAergic	5874.0	19	5577_BA9	7415	0	Chandelier	0.44	MGE	GABAergic
0	12290.0	4301	ACGAGGATCACTATTC-1_5978_BA9	L4	5978_BA9	5978	PFC	11	M	ASD	CB7	SB2	21	6.5	4301	12290	2.4816924	0.3254679	L2/3-6 IT	L2/3-6 IT	Glutamatergic	12290.0	20	5978_BA9	7427	0	L2/3-6 IT	0.22	L2/3-6 IT	Glutamatergic
0	16920.0	5912	CGGCTAGCAATACGCT-1_5294_BA9	L2/3	5294_BA9	5294	PFC	19	M	ASD	CB6	SB2	16	8.3	5912	16920	0.2955083	0.4255319	L2/3-6 IT	L2/3-6 IT	Glutamatergic	16920.0	21	5294_BA9	7405	0	L2/3-6 IT	0.38	L2/3-6 IT	Glutamatergic
0	8480.0	3926	AGCGGTCCAGTACACT-1_1823_BA24	IN-PV	1823_BA24	1823	ACC	15	M	Control	CB8	SB3	18	7.0	3926	8480	0.3066038	0.5778302	PVALB	MGE	GABAergic	8480.0	22	1823_BA24	7395	0	PVALB	0.29	MGE	GABAergic
0	857.0	690	GCTGCAGAGGCAAAGA-1_5278_BA24	Neu-NRGN-II	5278_BA24	5278	ACC	15	F	ASD	CB3	SB1	13	7.2	690	857	1.2835473	0.8168028	Glutamatergic	Glutamatergic	Glutamatergic	857.0	23	5278_BA24	7402	0	Oligodendrocyte	0.33	Oligodendrocyte lineage	Non-neuron
0	2775.0	1727	CGAATGTGTAGTAGTA-1_4341_BA24	AST-PP	4341_BA24	4341	ACC	13	M	Control	CB8	SB3	16	7.5	1727	2775	1.009009	0.7567568	Astrocyte	Astrocyte	Non-neuron	2775.0	24	4341_BA24	7396	0	Astrocyte	0.57	Astrocyte	Non-neuron
0	612.0	507	CGCTATCCAGACGCAA-1_5278_PFC	Neu-NRGN-II	5278_PFC	5278	PFC	15	F	ASD	CB1	SB1	13	9.0	507	612	4.9019608	4.7385621	Glutamatergic	Glutamatergic	Glutamatergic	612.0	25	5278_PFC	7403	0	L2/3-6 IT	0.33	L2/3-6 IT	Glutamatergic
0	3923.0	1779	TATCTCATCCAACCAA-1_5531_BA9	IN-SST	5531_BA9	5531	PFC	15	M	ASD	CB6	SB2	32	8.5	1779	3923	4.2314555	0.254907	SST	MGE	GABAergic	3923.0	26	5531_BA9	7410	0	SST	0.26	MGE	GABAergic
0	932.0	727	GAGGTGACACATCCGG-1_4899_BA24	Neu-NRGN-II	4899_BA24	4899	ACC	14	M	ASD	CB3	SB1	9	7.6	727	932	2.7896996	2.0386266	Glutamatergic	Glutamatergic	Glutamatergic	932.0	27	4899_BA24	7399	0	L2/3-6 IT	0.14	L2/3-6 IT	Glutamatergic
0	870.0	646	CATCGAATCGTGGTCG-1_5242_BA24	IN-VIP	5242_BA24	5242	ACC	15	M	Control	CB3	SB1	9	7.9	646	870	0.2298851	1.0344828	VIP	CGE	GABAergic	870.0	28	5242_BA24	7401	0	VIP	0.26	CGE	GABAergic
0	1344.0	1010	ATCACGACACATTAGC-1_5978_BA24	Endothelial	5978_BA24	5978	ACC	11	M	ASD	CB9	SB3	21	7.4	1010	1344	2.7529762	2.4553571	Endothelial	Vascular	Non-neuron	1344.0	29	5978_BA24	7426	0	VLMC	0.55	Vascular	Non-neuron
0	6391.0	3047	GTGGGTCAGAAGGACA-1_5939_BA9	L2/3	5939_BA9	5939	PFC	21	M	ASD	CB6	SB2	22	7.4	3047	6391	0.7041152	0.8292912	L2/3-6 IT	L2/3-6 IT	Glutamatergic	6391.0	30	5939_BA9	7422	0	L2/3-6 IT	0.29	L2/3-6 IT	Glutamatergic
0	52296.0	9122	GCATGCGTCGTTTATC-1_6033_BA24	L5/6-CC	6033_BA24	6033	ACC	14	F	ASD	CB9	SB3	25	6.7	9122	52296	4.0117791	1.0019887	L2/3-6 IT	L2/3-6 IT	Glutamatergic	52296.0	31	6033_BA24	7429	0	L6 CT	0.16	deep layer non-IT	Glutamatergic
0	1925.0	1226	ACTGAACTCACGCATA-1_6032_BA24	OPC	6032_BA24	6032	ACC	4	M	Control	CB4	SB1	25	7.7	1226	1925	0.1038961	0.7792208	OPC	Oligodendrocyte lineage	Non-neuron	1925.0	32	6032_BA24	7428	0	OPC	0.61	Oligodendrocyte lineage	Non-neuron
0	9433.0	4097	ATTATCCCAGGTCGTC-1_5879_PFC_Nova	L4	5879_PFC_Nova	5879	PFC	15	M	Control	CB1	SB1	18	7.5	4097	9433	0.1696173	1.56896	L2/3-6 IT	L2/3-6 IT	Glutamatergic	9433.0	33	5879_PFC_Nova	7418	0	L6 CT	0.17	deep layer non-IT	Glutamatergic
0	842.0	668	CGTAGGCGTTCAGCGC-1_5554_BA24	Neu-NRGN-II	5554_BA24	5554	ACC	13	F	Control	CB9	SB3	15	8.3	668	842	0.5938242	2.3752969	Glutamatergic	Glutamatergic	Glutamatergic	842.0	34	5554_BA24	7412	0	L6 CT	0.11	deep layer non-IT	Glutamatergic
0	875.0	634	GTCGGGTAGTGTACGG-1_5939_BA9	L4	5939_BA9	5939	PFC	21	M	ASD	CB6	SB2	22	7.4	634	875	1.3714286	0.1142857	L2/3-6 IT	L2/3-6 IT	Glutamatergic	875.0	35	5939_BA9	7422	0	L2/3-6 IT	0.26	L2/3-6 IT	Glutamatergic
0	1549.0	1067	GTCTCGTAGCACCGTC-1_5577_BA9	Oligodendrocytes	5577_BA9	5577	PFC	21	M	Control	CB6	SB2	19	8.6	1067	1549	0.5164622	1.9367334	Oligodendrocyte	Oligodendrocyte lineage	Non-neuron	1549.0	36	5577_BA9	7415	0	Oligodendrocyte	0.55	Oligodendrocyte lineage	Non-neuron
0	4065.0	2319	TACCTATAGATAGGAG-1_5531_BA24	IN-SV2C	5531_BA24	5531	ACC	15	M	ASD	CB8	SB3	32	7.2	2319	4065	1.1562116	0.295203	LAMP5	CGE	GABAergic	4065.0	37	5531_BA24	7409	0	LAMP5	0.47	CGE	GABAergic
0	680.0	531	GCAATCAAGTGGAGAA-1_5531_BA24	OPC	5531_BA24	5531	ACC	15	M	ASD	CB8	SB3	32	7.2	531	680	0.8823529	0.7352941	OPC	Oligodendrocyte lineage	Non-neuron	680.0	38	5531_BA24	7409	0	OPC	0.34	Oligodendrocyte lineage	Non-neuron
0	1461.0	1060	CCATGTCAGCACACAG-1_5936_PFC_Nova	Microglia	5936_PFC_Nova	5936	PFC	14	F	Control	CB1	SB1	23	8.0	1060	1461	0.2737851	1.4373717	Microglia	Microglia	Non-neuron	1461.0	39	5936_PFC_Nova	7421	0	Microglia	0.53	Microglia	Non-neuron
0	8954.0	3976	CGGAGCTCAGCTGTTA-1_5387_BA9	L4	5387_BA9	5387	PFC	12	M	Control	CB6	SB2	13	7.6	3976	8954	1.1838285	0.7706053	L2/3-6 IT	L2/3-6 IT	Glutamatergic	8954.0	40	5387_BA9	7406	0	L2/3-6 IT	0.23	L2/3-6 IT	Glutamatergic
0	726.0	585	ACGCCAGAGAGTACCG-1_5939_BA9	AST-FB	5939_BA9	5939	PFC	21	M	ASD	CB6	SB2	22	7.4	585	726	1.2396694	0.137741	Astrocyte	Astrocyte	Non-neuron	726.0	41	5939_BA9	7422	0	Astrocyte	0.42	Astrocyte	Non-neuron
0	23785.0	6461	ACTTTCAGTCCGAAGA-1_5577_BA9	L5/6-CC	5577_BA9	5577	PFC	21	M	Control	CB6	SB2	19	8.6	6461	23785	0.2102165	0.5297456	L2/3-6 IT	L2/3-6 IT	Glutamatergic	23785.0	42	5577_BA9	7415	0	L2/3-6 IT	0.29	L2/3-6 IT	Glutamatergic
0	2387.0	1507	CGACCTTTCTACCAGA-1_5538_PFC_Nova	OPC	5538_PFC_Nova	5538	PFC	19	F	Control	CB2	SB1	24	8.3	1507	2387	0.4189359	1.4243821	OPC	Oligodendrocyte lineage	Non-neuron	2387.0	43	5538_PFC_Nova	7411	0	OPC	0.47	Oligodendrocyte lineage	Non-neuron
0	2339.0	1374	AGTAGTCGTAGTAGTA-1_5958_BA24	OPC	5958_BA24	5958	ACC	22	M	Control	CB9	SB3	24	7.6	1374	2339	0.4275331	0.0855066	OPC	Oligodendrocyte lineage	Non-neuron	2339.0	44	5958_BA24	7424	0	OPC	0.63	Oligodendrocyte lineage	Non-neuron
0	9204.0	4051	AGCCTAATCCGGGTGT-1_5864_BA9	L5/6-CC	5864_BA9	5864	PFC	20	M	ASD	CB7	SB2	42	7.7	4051	9204	0.6410256	0.478053	L2/3-6 IT	L2/3-6 IT	Glutamatergic	9204.0	45	5864_BA9	7417	0	L2/3-6 IT	0.36	L2/3-6 IT	Glutamatergic
0	1460.0	1166	CGTTAGAGTTGGTAAA-1_5841_BA9	Microglia	5841_BA9	5841	PFC	12	M	ASD	CB6	SB2	15	8.4	1166	1460	1.1643836	1.6438356	Microglia	Microglia	Non-neuron	1460.0	46	5841_BA9	7416	0	Microglia	0.14	Microglia	Non-neuron
0	15239.0	5529	GCTGCGAAGTGAAGTT-1_5864_BA9	L2/3	5864_BA9	5864	PFC	20	M	ASD	CB7	SB2	42	7.7	5529	15239	0.3674782	1.2402389	L2/3-6 IT	L2/3-6 IT	Glutamatergic	15239.0	47	5864_BA9	7417	0	L2/3-6 IT	0.38	L2/3-6 IT	Glutamatergic
0	4714.0	2528	ACACCGGTCGTCCGTT-1_4849_BA24	IN-SST	4849_BA24	4849	ACC	7	M	ASD	CB8	SB3	20	6.7	2528	4714	1.4212983	1.1879508	SST	MGE	GABAergic	4714.0	48	4849_BA24	7398	0	SST	0.4	MGE	GABAergic
0	1436.0	888	CTACACCCATGTAGTC-1_5144_PFC	AST-PP	5144_PFC	5144	PFC	7	M	ASD	CB1	SB1	3	8.0	888	1436	0.4874652	0.6267409	Astrocyte	Astrocyte	Non-neuron	1436.0	49	5144_PFC	7400	0	Astrocyte	0.61	Astrocyte	Non-neuron
0	5827.0	3165	GTTCTCGCAGTGGAGT-1_5242_BA24	L5/6	5242_BA24	5242	ACC	15	M	Control	CB3	SB1	9	7.9	3165	5827	1.1326583	3.5695898	L5/6 NP	deep layer non-IT	Glutamatergic	5827.0	50	5242_BA24	7401	0	Astrocyte	0.15	Astrocyte	Non-neuron
0	835.0	662	GCTGCAGGTGCCTGCA-1_5391_BA24	Oligodendrocytes	5391_BA24	5391	ACC	8	M	Control	CB3	SB1	12	7.6	662	835	1.6766467	0.3592814	Oligodendrocyte	Oligodendrocyte lineage	Non-neuron	835.0	51	5391_BA24	7407	0	Oligodendrocyte	0.23	Oligodendrocyte lineage	Non-neuron
0	12272.0	4445	ACTTTCAAGACCACGA-1_5936_PFC_Nova	IN-PV	5936_PFC_Nova	5936	PFC	14	F	Control	CB1	SB1	23	8.0	4445	12272	0.4563233	0.5622555	PVALB	MGE	GABAergic	12272.0	52	5936_PFC_Nova	7421	0	PVALB	0.43	MGE	GABAergic
0	1100.0	810	CCTAGCTGTACAGACG-1_5864_BA9	AST-PP	5864_BA9	5864	PFC	20	M	ASD	CB7	SB2	42	7.7	810	1100	0.1818182	0.6363636	Astrocyte	Astrocyte	Non-neuron	1100.0	53	5864_BA9	7417	0	Astrocyte	0.69	Astrocyte	Non-neuron
0	15155.0	5396	CTACCCACAGTGGAGT-1_4341_BA46	L5/6-CC	4341_BA46	4341	PFC	13	M	Control	CB6	SB2	16	7.2	5396	15155	0.547674	2.6723854	L2/3-6 IT	L2/3-6 IT	Glutamatergic	15155.0	54	4341_BA46	7397	0	L2/3-6 IT	0.21	L2/3-6 IT	Glutamatergic
0	1613.0	1187	AAACCTGCACCGAATT-1_5958_BA24	Oligodendrocytes	5958_BA24	5958	ACC	22	M	Control	CB9	SB3	24	7.6	1187	1613	1.3639182	0.8679479	Oligodendrocyte	Oligodendrocyte lineage	Non-neuron	1613.0	55	5958_BA24	7424	0	Oligodendrocyte	0.19	Oligodendrocyte lineage	Non-neuron
0	11935.0	4502	CGAATGTGTGATGTGG-1_5577_BA9	L5/6	5577_BA9	5577	PFC	21	M	Control	CB6	SB2	19	8.6	4502	11935	0.1424382	0.594889	L5/6 NP	deep layer non-IT	Glutamatergic	11935.0	56	5577_BA9	7415	0	L6 CT	0.32	deep layer non-IT	Glutamatergic
0	4858.0	2624	CGACTTCTCAGTTGAC-1_5387_BA9	IN-SST	5387_BA9	5387	PFC	12	M	Control	CB6	SB2	13	7.6	2625	4859	0.9055361	0.9672772	SST	MGE	GABAergic	4858.0	57	5387_BA9	7406	0	SST	0.44	MGE	GABAergic
0	5330.0	2835	GCATACACAGTAAGCG-1_5531_BA9	Endothelial	5531_BA9	5531	PFC	15	M	ASD	CB6	SB2	32	8.5	2835	5330	0.956848	4.315197	Endothelial	Vascular	Non-neuron	5330.0	58	5531_BA9	7410	0	VLMC	0.35	Vascular	Non-neuron
0	1904.0	1206	TTGTAGGGTGTTCGAT-1_5978_BA24	IN-PV	5978_BA24	5978	ACC	11	M	ASD	CB9	SB3	21	7.4	1206	1904	3.6764706	0.210084	PVALB	MGE	GABAergic	1904.0	59	5978_BA24	7426	0	PVALB	0.16	MGE	GABAergic
0	4394.0	2474	TCTCTAAGTTCCATGA-1_5879_PFC_Nova	L4	5879_PFC_Nova	5879	PFC	15	M	Control	CB1	SB1	18	7.5	2474	4394	0.4096495	1.0696404	L2/3-6 IT	L2/3-6 IT	Glutamatergic	4394.0	60	5879_PFC_Nova	7418	0	L2/3-6 IT	0.29	L2/3-6 IT	Glutamatergic
0	1036.0	765	GATGAAAAGGATTCGG-1_6033_BA24	OPC	6033_BA24	6033	ACC	14	F	ASD	CB9	SB3	25	6.7	765	1036	0.965251	1.3513514	OPC	Oligodendrocyte lineage	Non-neuron	1036.0	61	6033_BA24	7429	0	OPC	0.41	Oligodendrocyte lineage	Non-neuron
0	1657.0	1207	GGGATGAGTACCATCA-1_4899_BA24	OPC	4899_BA24	4899	ACC	14	M	ASD	CB3	SB1	9	7.6	1207	1657	0.3621002	0.7845504	OPC	Oligodendrocyte lineage	Non-neuron	1657.0	62	4899_BA24	7399	0	OPC	0.51	Oligodendrocyte lineage	Non-neuron
0	9032.0	3905	CGAGCACAGGGCTCTC-1_5278_PFC	IN-SST	5278_PFC	5278	PFC	15	F	ASD	CB1	SB1	13	9.0	3905	9032	0.6421612	1.9264836	SST	MGE	GABAergic	9032.0	63	5278_PFC	7403	0	SST	0.44	MGE	GABAergic
0	2550.0	1650	CAGAGAGTCAGGTTCA-1_4849_BA24	AST-FB	4849_BA24	4849	ACC	7	M	ASD	CB8	SB3	20	6.7	1650	2550	0.3529412	1.0196078	Astrocyte	Astrocyte	Non-neuron	2550.0	64	4849_BA24	7398	0	Astrocyte	0.43	Astrocyte	Non-neuron
0	1683.0	1132	TGCTACCTCAGTGTTG-1_1823_BA24	OPC	1823_BA24	1823	ACC	15	M	Control	CB8	SB3	18	7.0	1132	1683	0.2970885	0.2970885	OPC	Oligodendrocyte lineage	Non-neuron	1683.0	65	1823_BA24	7395	0	OPC	0.2	Oligodendrocyte lineage	Non-neuron
0	1814.0	1122	GACGCGTGTTACGCGC-1_5531_BA9	AST-PP	5531_BA9	5531	PFC	15	M	ASD	CB6	SB2	32	8.5	1122	1814	0.1653804	0.5512679	Astrocyte	Astrocyte	Non-neuron	1814.0	66	5531_BA9	7410	0	Astrocyte	0.69	Astrocyte	Non-neuron
0	616.0	524	CTCCTAGTCCAACCAA-1_5242_BA24	Neu-NRGN-II	5242_BA24	5242	ACC	15	M	Control	CB3	SB1	9	7.9	524	616	0.8116883	1.9480519	Glutamatergic	Glutamatergic	Glutamatergic	616.0	67	5242_BA24	7401	0	L2/3-6 IT	0.26	L2/3-6 IT	Glutamatergic
0	3956.0	2282	GTCACGGAGTATCGAA-1_6033_BA24	Neu-mat	6033_BA24	6033	ACC	14	F	ASD	CB9	SB3	25	6.7	2282	3956	2.4519717	1.2386249	Glutamatergic	Glutamatergic	Glutamatergic	3956.0	68	6033_BA24	7429	0	L2/3-6 IT	0.32	L2/3-6 IT	Glutamatergic
0	3297.0	1891	GCTCCTAGTCTCTCTG-1_5936_PFC_Nova	AST-PP	5936_PFC_Nova	5936	PFC	14	F	Control	CB1	SB1	23	8.0	1891	3297	0.2123142	0.7885957	Astrocyte	Astrocyte	Non-neuron	3297.0	69	5936_PFC_Nova	7421	0	Astrocyte	0.54	Astrocyte	Non-neuron
0	8564.0	3744	AGGGTGAGTGATGATA-1_5565_BA9	L2/3	5565_BA9	5565	PFC	12	M	ASD	CB7	SB2	22	6.9	3744	8564	0.1985054	0.3386268	L2/3-6 IT	L2/3-6 IT	Glutamatergic	8564.0	70	5565_BA9	7414	0	L2/3-6 IT	0.35	L2/3-6 IT	Glutamatergic
0	25366.0	6826	TCGTAGAGTTATTCTC-1_5294_BA9	L2/3	5294_BA9	5294	PFC	19	M	ASD	CB6	SB2	16	8.3	6827	25367	0.0630741	0.3429653	L2/3-6 IT	L2/3-6 IT	Glutamatergic	25366.0	71	5294_BA9	7405	0	L2/3-6 IT	0.22	L2/3-6 IT	Glutamatergic
0	625.0	511	CTCTACGAGGTCGGAT-1_6033_BA9	IN-VIP	6033_BA9	6033	PFC	14	F	ASD	CB7	SB2	25	8.0	511	625	2.24	0.32	VIP	CGE	GABAergic	625.0	72	6033_BA9	7430	0	SNCG	0.4	CGE	GABAergic
0	13207.0	4821	TTCTTAGTCTGCAGTA-1_5565_BA24	L2/3	5565_BA24	5565	ACC	12	M	ASD	CB9	SB3	22	7.5	4821	13207	1.6430681	0.499735	L2/3-6 IT	L2/3-6 IT	Glutamatergic	13207.0	73	5565_BA24	7413	0	L2/3-6 IT	0.2	L2/3-6 IT	Glutamatergic
0	1315.0	911	CGTAGCGCATCACCCT-1_5294_BA24	Oligodendrocytes	5294_BA24	5294	ACC	19	M	ASD	CB8	SB3	16	7.5	911	1315	1.7490494	0.4562738	Oligodendrocyte	Oligodendrocyte lineage	Non-neuron	1315.0	74	5294_BA24	7404	0	Oligodendrocyte	0.41	Oligodendrocyte lineage	Non-neuron
0	1051.0	742	CGCTTCAGTTCAACCA-1_5939_BA9	OPC	5939_BA9	5939	PFC	21	M	ASD	CB6	SB2	22	7.4	742	1051	1.1417697	0.190295	OPC	Oligodendrocyte lineage	Non-neuron	1051.0	75	5939_BA9	7422	0	OPC	0.48	Oligodendrocyte lineage	Non-neuron
0	7596.0	3570	GACTAACTCCAGGGCT-1_5893_BA24	L2/3	5893_BA24	5893	ACC	19	M	Control	CB8	SB3	11	8.4	3570	7596	0.3686151	1.2111638	L2/3-6 IT	L2/3-6 IT	Glutamatergic	7596.0	76	5893_BA24	7419	0	L2/3-6 IT	0.25	L2/3-6 IT	Glutamatergic
0	1540.0	1008	GCGCAGTAGGGTTTCT-1_5841_BA9	AST-PP	5841_BA9	5841	PFC	12	M	ASD	CB6	SB2	15	8.4	1008	1540	0.7792208	0.5844156	Astrocyte	Astrocyte	Non-neuron	1540.0	77	5841_BA9	7416	0	Astrocyte	0.5	Astrocyte	Non-neuron
0	1804.0	1223	CTCTACGTCGTACGGC-1_5841_BA9	Oligodendrocytes	5841_BA9	5841	PFC	12	M	ASD	CB6	SB2	15	8.4	1223	1804	0.2217295	1.7184035	Oligodendrocyte	Oligodendrocyte lineage	Non-neuron	1804.0	78	5841_BA9	7416	0	Oligodendrocyte	0.29	Oligodendrocyte lineage	Non-neuron
0	26884.0	7034	GTTCTCGGTCTAGTCA-1_5294_BA9	L4	5294_BA9	5294	PFC	19	M	ASD	CB6	SB2	16	8.3	7034	26884	0.141348	0.2789763	L2/3-6 IT	L2/3-6 IT	Glutamatergic	26884.0	79	5294_BA9	7405	0	L6 CT	0.29	deep layer non-IT	Glutamatergic
0	634.0	503	AAAGTAGCATATGCTG-1_5978_BA24	Oligodendrocytes	5978_BA24	5978	ACC	11	M	ASD	CB9	SB3	21	7.4	503	634	2.9968454	0.1577287	Oligodendrocyte	Oligodendrocyte lineage	Non-neuron	634.0	80	5978_BA24	7426	0	Oligodendrocyte	0.23	Oligodendrocyte lineage	Non-neuron
0	1094.0	764	ACTGCTCAGTGTGGCA-1_5893_BA24	Oligodendrocytes	5893_BA24	5893	ACC	19	M	Control	CB8	SB3	11	8.4	764	1094	0.4570384	1.3711152	Oligodendrocyte	Oligodendrocyte lineage	Non-neuron	1094.0	81	5893_BA24	7419	0	Oligodendrocyte	0.32	Oligodendrocyte lineage	Non-neuron
0	1125.0	778	CGCCAAGGTGAGCGAT-1_5893_PFC	Oligodendrocytes	5893_PFC	5893	PFC	19	M	Control	CB2	SB1	11	8.0	778	1125	1.0666667	2.0444444	Oligodendrocyte	Oligodendrocyte lineage	Non-neuron	1125.0	82	5893_PFC	7420	0	Oligodendrocyte	0.35	Oligodendrocyte lineage	Non-neuron
0	2033.0	1457	CGTAGGCTCTGCGACG-1_5554_BA24	Neu-NRGN-II	5554_BA24	5554	ACC	13	F	Control	CB9	SB3	15	8.3	1457	2033	3.1480571	1.9183473	Glutamatergic	Glutamatergic	Glutamatergic	2033.0	83	5554_BA24	7412	0	PVALB	0.18	MGE	GABAergic
0	970.0	772	GACGGCTAGGACAGCT-1_4899_BA24	AST-FB	4899_BA24	4899	ACC	14	M	ASD	CB3	SB1	9	7.6	772	970	0.3092784	0.5154639	Astrocyte	Astrocyte	Non-neuron	970.0	84	4899_BA24	7399	0	Astrocyte	0.26	Astrocyte	Non-neuron
0	2641.0	1586	ACACTGATCCACTGGG-1_5945_PFC	OPC	5945_PFC	5945	PFC	20	M	ASD	CB2	SB1	24	7.4	1586	2641	0.1135933	0.3029156	OPC	Oligodendrocyte lineage	Non-neuron	2641.0	85	5945_PFC	7423	0	OPC	0.72	Oligodendrocyte lineage	Non-neuron
0	1456.0	998	CCTCAGTTCTAACTCT-1_1823_BA24	Neu-mat	1823_BA24	1823	ACC	15	M	Control	CB8	SB3	18	7.0	998	1456	0.0686813	0.8241758	Glutamatergic	Glutamatergic	Glutamatergic	1456.0	86	1823_BA24	7395	0	L2/3-6 IT	0.35	L2/3-6 IT	Glutamatergic
0	2553.0	1515	TCATTTGAGTACATGA-1_5958_BA9	OPC	5958_BA9	5958	PFC	22	M	Control	CB7	SB2	24	7.6	1515	2553	0.0391696	0.4308656	OPC	Oligodendrocyte lineage	Non-neuron	2553.0	87	5958_BA9	7425	0	OPC	0.67	Oligodendrocyte lineage	Non-neuron
0	689.0	579	ATCTGCCTCTCAAACG-1_5554_BA24	Neu-NRGN-II	5554_BA24	5554	ACC	13	F	Control	CB9	SB3	15	8.3	579	689	2.6124819	3.7735849	Glutamatergic	Glutamatergic	Glutamatergic	689.0	88	5554_BA24	7412	0	L2/3-6 IT	0.11	L2/3-6 IT	Glutamatergic
0	2144.0	1459	CCTACACAGCGTGTCC-1_5864_BA9	IN-VIP	5864_BA9	5864	PFC	20	M	ASD	CB7	SB2	42	7.7	1459	2144	0.5597015	0.6063433	VIP	CGE	GABAergic	2144.0	89	5864_BA9	7417	0	SNCG	0.31	CGE	GABAergic
0	8859.0	3835	GAAACTCCAGCTATTG-1_6033_BA9	L2/3	6033_BA9	6033	PFC	14	F	ASD	CB7	SB2	25	8.0	3835	8859	0.6547014	0.5643978	L2/3-6 IT	L2/3-6 IT	Glutamatergic	8859.0	90	6033_BA9	7430	0	L2/3-6 IT	0.38	L2/3-6 IT	Glutamatergic
0	5552.0	2529	GTCATTTCATGGGACA-1_6032_BA24	L5/6	6032_BA24	6032	ACC	4	M	Control	CB4	SB1	25	7.7	2529	5552	0.0540346	0.5403458	L5/6 NP	deep layer non-IT	Glutamatergic	5552.0	91	6032_BA24	7428	0	L5/6 NP	0.69	deep layer non-IT	Glutamatergic
0	14760.0	5538	ACGAGGAAGATCACGG-1_4341_BA46	L4	4341_BA46	4341	PFC	13	M	Control	CB6	SB2	16	7.2	5541	14763	0.372553	0.7044639	L2/3-6 IT	L2/3-6 IT	Glutamatergic	14760.0	92	4341_BA46	7397	0	L2/3-6 IT	0.33	L2/3-6 IT	Glutamatergic
0	1433.0	1030	ATTGGACGTTCCACGG-1_5294_BA24	AST-PP	5294_BA24	5294	ACC	19	M	ASD	CB8	SB3	16	7.5	1030	1433	0.209351	1.3258897	Astrocyte	Astrocyte	Non-neuron	1433.0	93	5294_BA24	7404	0	Astrocyte	0.53	Astrocyte	Non-neuron
0	3826.0	2039	CAAGTTGCAAGCCTAT-1_5538_PFC_Nova	Oligodendrocytes	5538_PFC_Nova	5538	PFC	19	F	Control	CB2	SB1	24	8.3	2039	3826	0.5750131	2.1955044	Oligodendrocyte	Oligodendrocyte lineage	Non-neuron	3826.0	94	5538_PFC_Nova	7411	0	Oligodendrocyte	0.62	Oligodendrocyte lineage	Non-neuron
0	27834.0	7184	GGCCGATAGACAGACC-1_5387_BA9	L2/3	5387_BA9	5387	PFC	12	M	Control	CB6	SB2	13	7.6	7184	27834	1.5233168	0.4993892	L2/3-6 IT	L2/3-6 IT	Glutamatergic	27834.0	95	5387_BA9	7406	0	L2/3-6 IT	0.32	L2/3-6 IT	Glutamatergic
0	11965.0	4612	GGAATAAGTAGAAGGA-1_5577_BA9	IN-SST	5577_BA9	5577	PFC	21	M	Control	CB6	SB2	19	8.6	4612	11965	0.1587965	0.7605516	SST	MGE	GABAergic	11965.0	96	5577_BA9	7415	0	SST	0.24	MGE	GABAergic
0	2936.0	1526	AACTCTTCAAGACACG-1_5538_PFC_Nova	AST-PP	5538_PFC_Nova	5538	PFC	19	F	Control	CB2	SB1	24	8.3	1526	2936	0.0681199	0.613079	Astrocyte	Astrocyte	Non-neuron	2936.0	97	5538_PFC_Nova	7411	0	Astrocyte	0.45	Astrocyte	Non-neuron
0	774.0	629	AGTTGGTGTGTTCGAT-1_5958_BA24	Neu-NRGN-II	5958_BA24	5958	ACC	22	M	Control	CB9	SB3	24	7.6	629	774	0.6459948	1.0335917	Glutamatergic	Glutamatergic	Glutamatergic	774.0	98	5958_BA24	7424	0	L6 CT	0.18	deep layer non-IT	Glutamatergic
0	18616.0	5875	GGGCATCCAATAGCAA-1_5387_BA9	L2/3	5387_BA9	5387	PFC	12	M	Control	CB6	SB2	13	7.6	5875	18616	1.7296949	0.542544	L2/3-6 IT	L2/3-6 IT	Glutamatergic	18616.0	99	5387_BA9	7406	0	L2/3-6 IT	0.39	L2/3-6 IT	Glutamatergic
