orig.ident	nCount_RNA	nFeature_RNA	active.ident	sample	ID	Cell_type	rachel_subclass	rachel_class	rachel_family	nCounts_RNA	joinid	batch	_scvi_batch	_scvi_labels	predicted_rachel_subclass	confidence	predicted_rachel_class	predicted_rachel_family
TGTAGACTCCTCCACA_12	775	282	NC12	GSM4775576	TGTAGACTCCTCCACA_12	Excit	Glutamatergic	Glutamatergic	Glutamatergic	2091	0	GSM4775576	7410	0	L6 CT	0.344771652465836	deep layer non-IT	Glutamatergic
AGATCCAAGACTTCGT_14	346	154	NC14	GSM4775577	AGATCCAAGACTTCGT_14	Oligo	Oligodendrocyte	Oligodendrocyte lineage	Non-neuron	1281	1	GSM4775577	7411	0	Oligodendrocyte	0.699058363383957	Oligodendrocyte lineage	Non-neuron
CCCTAACGTACATTGC_9	1865	446	AD9	GSM4775567	CCCTAACGTACATTGC_9	Excit	Glutamatergic	Glutamatergic	Glutamatergic	5766	2	GSM4775567	7401	0	L2/3-6 IT	0.562825596594557	L2/3-6 IT	Glutamatergic
AGGACTTTCGTAGAGG_20	138	94	AD20	GSM4775571	AGGACTTTCGTAGAGG_20	Mic	Microglia	Microglia	Non-neuron	543	3	GSM4775571	7405	0	Microglia	0.415497179118934	Microglia	Non-neuron
TGGGTTACAACGACTT_2	1457	354	AD2	GSM4775562	TGGGTTACAACGACTT_2	Inhit	GABAergic	GABAergic	GABAergic	4486	4	GSM4775562	7396	0	VIP	0.379068256309077	CGE	GABAergic
TGAGTCAGTTCTTGTT_3	816	310	NC3	GSM4775573	TGAGTCAGTTCTTGTT_3	Excit	Glutamatergic	Glutamatergic	Glutamatergic	2931	5	GSM4775573	7407	0	L2/3-6 IT	0.293555912724862	L2/3-6 IT	Glutamatergic
TTAGGCAGTAGGGTAC_13	2854	517	AD13	GSM4775569	TTAGGCAGTAGGGTAC_13	Excit	Glutamatergic	Glutamatergic	Glutamatergic	8449	6	GSM4775569	7403	0	L5 6 NP	0.530543924671545	unknown	unknown
CACTTCGTCAGGCGAA_14	1494	381	NC14	GSM4775577	CACTTCGTCAGGCGAA_14	Excit	Glutamatergic	Glutamatergic	Glutamatergic	4678	7	GSM4775577	7411	0	OPC	0.782389586003874	Oligodendrocyte lineage	Non-neuron
TTACTGTGTTAAACCC_8	1637	284	AD8	GSM4775566	TTACTGTGTTAAACCC_8	Excit	Glutamatergic	Glutamatergic	Glutamatergic	3404	8	GSM4775566	7400	0	L2/3-6 IT	0.272228895586818	L2/3-6 IT	Glutamatergic
TACTTACAGGCTAACG_7	1969	461	NC7	GSM4775574	TACTTACAGGCTAACG_7	Excit	Glutamatergic	Glutamatergic	Glutamatergic	5660	9	GSM4775574	7408	0	L2/3-6 IT	0.360136339524989	L2/3-6 IT	Glutamatergic
TGATTTCGTGCTCGTG_16	201	106	NC16	GSM4775579	TGATTTCGTGCTCGTG_16	Inhit	GABAergic	GABAergic	GABAergic	545	10	GSM4775579	7413	0	VLMC	0.36157455365762	Vascular	Non-neuron
AGCCACGTCGGCATCG_10	2433	570	AD10	GSM4775568	AGCCACGTCGGCATCG_10	Excit	Glutamatergic	Glutamatergic	Glutamatergic	8215	11	GSM4775568	7402	0	L2/3-6 IT	0.622852221752143	L2/3-6 IT	Glutamatergic
CTGAATGCACTAGTAC_20	2002	420	AD20	GSM4775571	CTGAATGCACTAGTAC_20	Excit	Glutamatergic	Glutamatergic	Glutamatergic	5108	12	GSM4775571	7405	0	L5 6 NP	0.410564277114002	unknown	unknown
CGGAATTGTATCCCTC_9	1086	317	AD9	GSM4775567	CGGAATTGTATCCCTC_9	Excit	Glutamatergic	Glutamatergic	Glutamatergic	3339	13	GSM4775567	7401	0	L5 6 NP	0.255366194824361	unknown	unknown
ATTCACTGTAGTCCTA_13	266	118	AD13	GSM4775569	ATTCACTGTAGTCCTA_13	Excit	Glutamatergic	Glutamatergic	Glutamatergic	1059	14	GSM4775569	7403	0	PVALB	0.224078523207235	MGE	GABAergic
GCAGTTAAGTGTACCT_5	273	176	AD5	GSM4775564	GCAGTTAAGTGTACCT_5	Inhit	GABAergic	GABAergic	GABAergic	970	15	GSM4775564	7398	0	SNCG	0.407964486521269	CGE	GABAergic
AGACACTGTCGTTCAA_17	569	239	NC17	GSM4775580	AGACACTGTCGTTCAA_17	Astro	Astrocyte	Astrocyte	Non-neuron	2055	16	GSM4775580	7414	0	Astrocyte	0.747560013091387	Astrocyte	Non-neuron
TTCATTGCATGGCACC_6	209	115	AD6	GSM4775565	TTCATTGCATGGCACC_6	Excit	Glutamatergic	Glutamatergic	Glutamatergic	567	17	GSM4775565	7399	0	OPC	0.573824934831038	Oligodendrocyte lineage	Non-neuron
AGGTGTTGTTCGTTCC_15	441	187	NC15	GSM4775578	AGGTGTTGTTCGTTCC_15	Excit	Glutamatergic	Glutamatergic	Glutamatergic	1465	18	GSM4775578	7412	0	L6 CT	0.288962658800428	deep layer non-IT	Glutamatergic
CTACCTGCATAGTCAC_4	347	197	AD4	GSM4775563	CTACCTGCATAGTCAC_4	Excit	Glutamatergic	Glutamatergic	Glutamatergic	992	19	GSM4775563	7397	0	Endothelial	0.79197312856883	Vascular	Non-neuron
GTCATCCAGGCCCACT_10	3513	577	AD10	GSM4775568	GTCATCCAGGCCCACT_10	Excit	Glutamatergic	Glutamatergic	Glutamatergic	10432	20	GSM4775568	7402	0	L2/3-6 IT	0.479806593750241	L2/3-6 IT	Glutamatergic
ACTTAGGCAACACAAA_16	857	265	NC16	GSM4775579	ACTTAGGCAACACAAA_16	Excit	Glutamatergic	Glutamatergic	Glutamatergic	2159	21	GSM4775579	7413	0	L2/3-6 IT	0.413351922773689	L2/3-6 IT	Glutamatergic
TGGATCATCGGTCAGC_10	749	278	AD10	GSM4775568	TGGATCATCGGTCAGC_10	Astro	Astrocyte	Astrocyte	Non-neuron	2709	22	GSM4775568	7402	0	Astrocyte	0.852908776766429	Astrocyte	Non-neuron
TGCTTGCTCGTAGCTA_21	1463	315	AD21	GSM4775572	TGCTTGCTCGTAGCTA_21	Excit	Glutamatergic	Glutamatergic	Glutamatergic	3831	23	GSM4775572	7406	0	OPC	0.918898614445423	Oligodendrocyte lineage	Non-neuron
CAGTGCGAGGCTGAAC_10	722	267	AD10	GSM4775568	CAGTGCGAGGCTGAAC_10	Excit	Glutamatergic	Glutamatergic	Glutamatergic	2063	24	GSM4775568	7402	0	L6 CT	0.370019190825161	deep layer non-IT	Glutamatergic
TGAGGAGTCGCTCCTA_10	333	182	AD10	GSM4775568	TGAGGAGTCGCTCCTA_10	Inhit	GABAergic	GABAergic	GABAergic	936	25	GSM4775568	7402	0	LAMP5	0.379737902946163	CGE	GABAergic
TGTTGAGTCGCTGACG_10	2449	575	AD10	GSM4775568	TGTTGAGTCGCTGACG_10	Excit	Glutamatergic	Glutamatergic	Glutamatergic	8613	26	GSM4775568	7402	0	L5 ET	0.585509299879613	deep layer non-IT	Glutamatergic
GATGAGGGTTGCGAAG_18	597	227	NC18	GSM4775581	GATGAGGGTTGCGAAG_18	Oligo	Oligodendrocyte	Oligodendrocyte lineage	Non-neuron	2319	27	GSM4775581	7415	0	Oligodendrocyte	0.794228838123902	Oligodendrocyte lineage	Non-neuron
CATGGATCAAACGTGG_4	490	197	AD4	GSM4775563	CATGGATCAAACGTGG_4	Inhit	GABAergic	GABAergic	GABAergic	1143	28	GSM4775563	7397	0	SST	0.251544864335736	MGE	GABAergic
GTCTGTCGTATGACAA_15	4174	632	NC15	GSM4775578	GTCTGTCGTATGACAA_15	Excit	Glutamatergic	Glutamatergic	Glutamatergic	12012	29	GSM4775578	7412	0	L5 ET	0.426186199108777	deep layer non-IT	Glutamatergic
ATATCCTAGTTGCGCC_15	504	228	NC15	GSM4775578	ATATCCTAGTTGCGCC_15	Astro	Astrocyte	Astrocyte	Non-neuron	1776	30	GSM4775578	7412	0	Astrocyte	0.821145056253059	Astrocyte	Non-neuron
ACTGTGATCTAACACG_12	1089	318	NC12	GSM4775576	ACTGTGATCTAACACG_12	Oligo	Oligodendrocyte	Oligodendrocyte lineage	Non-neuron	3847	31	GSM4775576	7410	0	Oligodendrocyte	0.917513154087534	Oligodendrocyte lineage	Non-neuron
TACGGGCAGGATTACA_19	2697	486	AD19	GSM4775570	TACGGGCAGGATTACA_19	Astro	Astrocyte	Astrocyte	Non-neuron	8552	32	GSM4775570	7404	0	Astrocyte	0.603262571812424	Astrocyte	Non-neuron
GAGAAATCAAGCTCTA_5	1980	489	AD5	GSM4775564	GAGAAATCAAGCTCTA_5	Excit	Glutamatergic	Glutamatergic	Glutamatergic	7043	33	GSM4775564	7398	0	L6 CT	0.39361464605225	deep layer non-IT	Glutamatergic
GTTTACTAGAATTGTG_3	232	129	NC3	GSM4775573	GTTTACTAGAATTGTG_3	Astro	Astrocyte	Astrocyte	Non-neuron	776	34	GSM4775573	7407	0	Astrocyte	0.484075998640041	Astrocyte	Non-neuron
GTTCCGTGTCGATTCA_12	2570	644	NC12	GSM4775576	GTTCCGTGTCGATTCA_12	Excit	Glutamatergic	Glutamatergic	Glutamatergic	8386	35	GSM4775576	7410	0	VIP	0.561829268557395	CGE	GABAergic
GTGCACGTCGGACGTC_4	3121	523	AD4	GSM4775563	GTGCACGTCGGACGTC_4	Excit	Glutamatergic	Glutamatergic	Glutamatergic	9149	36	GSM4775563	7397	0	L2/3-6 IT	0.328293576231272	L2/3-6 IT	Glutamatergic
TTTCACAAGTAAAGCT_4	545	269	AD4	GSM4775563	TTTCACAAGTAAAGCT_4	Excit	Glutamatergic	Glutamatergic	Glutamatergic	2063	37	GSM4775563	7397	0	L2/3-6 IT	0.420911632251815	L2/3-6 IT	Glutamatergic
TGCGGCAGTCCCACGA_10	426	213	AD10	GSM4775568	TGCGGCAGTCCCACGA_10	Inhit	GABAergic	GABAergic	GABAergic	1432	38	GSM4775568	7402	0	LAMP5	0.478238693478926	CGE	GABAergic
ACTTCGCTCCAACTAG_14	2667	526	NC14	GSM4775577	ACTTCGCTCCAACTAG_14	Excit	Glutamatergic	Glutamatergic	Glutamatergic	7985	39	GSM4775577	7411	0	L5 ET	0.463430491426049	deep layer non-IT	Glutamatergic
GATCCCTAGGAAAGTG_12	232	138	NC12	GSM4775576	GATCCCTAGGAAAGTG_12	Oligo	Oligodendrocyte	Oligodendrocyte lineage	Non-neuron	866	40	GSM4775576	7410	0	Oligodendrocyte	0.815868605323239	Oligodendrocyte lineage	Non-neuron
TGTCCCACAGTCGGTC_18	526	251	NC18	GSM4775581	TGTCCCACAGTCGGTC_18	Mic	Microglia	Microglia	Non-neuron	2019	41	GSM4775581	7415	0	Microglia	0.547886232602332	Microglia	Non-neuron
TTACGTTAGTGAACAT_14	1727	408	NC14	GSM4775577	TTACGTTAGTGAACAT_14	Excit	Glutamatergic	Glutamatergic	Glutamatergic	5054	42	GSM4775577	7411	0	L2/3-6 IT	0.42285905312545	L2/3-6 IT	Glutamatergic
GCATCTCAGTACTGTC_12	687	309	NC12	GSM4775576	GCATCTCAGTACTGTC_12	Mic	Microglia	Microglia	Non-neuron	2806	43	GSM4775576	7410	0	Microglia	0.527424578707362	Microglia	Non-neuron
AATGACCGTTTGCCGG_3	2288	484	NC3	GSM4775573	AATGACCGTTTGCCGG_3	Excit	Glutamatergic	Glutamatergic	Glutamatergic	7041	44	GSM4775573	7407	0	L5 ET	0.408578111105725	deep layer non-IT	Glutamatergic
AATTCCTTCTTGAACG_7	215	132	NC7	GSM4775574	AATTCCTTCTTGAACG_7	Endo	Endothelial	Vascular	Non-neuron	905	45	GSM4775574	7408	0	VLMC	0.692646253684496	Vascular	Non-neuron
GGAGGTAGTTTAGTCG_19	3604	616	AD19	GSM4775570	GGAGGTAGTTTAGTCG_19	Excit	Glutamatergic	Glutamatergic	Glutamatergic	10477	46	GSM4775570	7404	0	L6 CT	0.400056248962591	deep layer non-IT	Glutamatergic
GTAGATCTCACCTGTC_5	167	112	AD5	GSM4775564	GTAGATCTCACCTGTC_5	Excit	Glutamatergic	Glutamatergic	Glutamatergic	701	47	GSM4775564	7398	0	OPC	0.517284840550144	Oligodendrocyte lineage	Non-neuron
CAAGAGGAGTAGCATA_18	885	315	NC18	GSM4775581	CAAGAGGAGTAGCATA_18	Oligo	Oligodendrocyte	Oligodendrocyte lineage	Non-neuron	3183	48	GSM4775581	7415	0	Oligodendrocyte	0.903575537052328	Oligodendrocyte lineage	Non-neuron
GTGACGCAGTTTGGCT_15	464	213	NC15	GSM4775578	GTGACGCAGTTTGGCT_15	Excit	Glutamatergic	Glutamatergic	Glutamatergic	1462	49	GSM4775578	7412	0	L5 6 NP	0.299254764452873	unknown	unknown
AGGAAATAGAAGCGCT_5	2960	645	AD5	GSM4775564	AGGAAATAGAAGCGCT_5	Excit	Glutamatergic	Glutamatergic	Glutamatergic	10562	50	GSM4775564	7398	0	L6 CT	0.432226091646885	deep layer non-IT	Glutamatergic
ATCATTCCAAAGTGTA_20	1031	353	AD20	GSM4775571	ATCATTCCAAAGTGTA_20	Inhit	GABAergic	GABAergic	GABAergic	3708	51	GSM4775571	7405	0	VIP	0.412330994427533	CGE	GABAergic
CTGTGGGGTGCAAGAC_2	138	82	AD2	GSM4775562	CTGTGGGGTGCAAGAC_2	Oligo	Oligodendrocyte	Oligodendrocyte lineage	Non-neuron	600	52	GSM4775562	7396	0	Oligodendrocyte	0.773713498699998	Oligodendrocyte lineage	Non-neuron
GAGGCAAGTAACACCT_17	1619	396	NC17	GSM4775580	GAGGCAAGTAACACCT_17	Oligo	Oligodendrocyte	Oligodendrocyte lineage	Non-neuron	5692	53	GSM4775580	7414	0	Oligodendrocyte	0.653787805592024	Oligodendrocyte lineage	Non-neuron
ACTTCCGAGAGTCCGA_12	454	232	NC12	GSM4775576	ACTTCCGAGAGTCCGA_12	Excit	Glutamatergic	Glutamatergic	Glutamatergic	1491	54	GSM4775576	7410	0	L5 ET	0.390095693548137	deep layer non-IT	Glutamatergic
GCAACCGCAGAACTAA_5	1307	408	AD5	GSM4775564	GCAACCGCAGAACTAA_5	Excit	Glutamatergic	Glutamatergic	Glutamatergic	4447	55	GSM4775564	7398	0	L2/3-6 IT	0.664265814621601	L2/3-6 IT	Glutamatergic
TCGGGACAGGCTCAAG_10	3681	637	AD10	GSM4775568	TCGGGACAGGCTCAAG_10	Excit	Glutamatergic	Glutamatergic	Glutamatergic	10880	56	GSM4775568	7402	0	PVALB	0.462079220564995	MGE	GABAergic
AGACTCAAGATGGTAT_2	732	282	AD2	GSM4775562	AGACTCAAGATGGTAT_2	Oligo	Oligodendrocyte	Oligodendrocyte lineage	Non-neuron	2932	57	GSM4775562	7396	0	Oligodendrocyte	0.620256197125529	Oligodendrocyte lineage	Non-neuron
CAGTGCGCATTCACCC_12	2712	492	NC12	GSM4775576	CAGTGCGCATTCACCC_12	Excit	Glutamatergic	Glutamatergic	Glutamatergic	8265	58	GSM4775576	7410	0	L6 CT	0.582528374445407	deep layer non-IT	Glutamatergic
CAATACGCAAATGAAC_11	241	107	NC11	GSM4775575	CAATACGCAAATGAAC_11	Oligo	Oligodendrocyte	Oligodendrocyte lineage	Non-neuron	602	59	GSM4775575	7409	0	Oligodendrocyte	0.568694731483803	Oligodendrocyte lineage	Non-neuron
CTATCTAAGTAATACG_3	1288	340	NC3	GSM4775573	CTATCTAAGTAATACG_3	Inhit	GABAergic	GABAergic	GABAergic	3510	60	GSM4775573	7407	0	PVALB	0.418069660984177	MGE	GABAergic
CACACAACACGGTGCT_9	1169	344	AD9	GSM4775567	CACACAACACGGTGCT_9	Excit	Glutamatergic	Glutamatergic	Glutamatergic	3430	61	GSM4775567	7401	0	L6 CT	0.38654302792878	deep layer non-IT	Glutamatergic
TTGCGTCCACACCTTC_17	1094	326	NC17	GSM4775580	TTGCGTCCACACCTTC_17	Inhit	GABAergic	GABAergic	GABAergic	3113	62	GSM4775580	7414	0	SNCG	0.496822422253553	CGE	GABAergic
GGTGATTTCGAGGCAA_8	286	132	AD8	GSM4775566	GGTGATTTCGAGGCAA_8	Oligo	Oligodendrocyte	Oligodendrocyte lineage	Non-neuron	986	63	GSM4775566	7400	0	Oligodendrocyte	0.8278889569597	Oligodendrocyte lineage	Non-neuron
CCACAAAAGTAAACAC_12	677	252	NC12	GSM4775576	CCACAAAAGTAAACAC_12	Oligo	Oligodendrocyte	Oligodendrocyte lineage	Non-neuron	2423	64	GSM4775576	7410	0	Oligodendrocyte	0.836183038382626	Oligodendrocyte lineage	Non-neuron
GTTTGGACAAGCGCTC_12	1180	395	NC12	GSM4775576	GTTTGGACAAGCGCTC_12	Excit	Glutamatergic	Glutamatergic	Glutamatergic	3787	65	GSM4775576	7410	0	OPC	0.95491817008933	Oligodendrocyte lineage	Non-neuron
GGTAACTAGCGACCCT_14	611	262	NC14	GSM4775577	GGTAACTAGCGACCCT_14	Oligo	Oligodendrocyte	Oligodendrocyte lineage	Non-neuron	2153	66	GSM4775577	7411	0	Oligodendrocyte	0.899636783706542	Oligodendrocyte lineage	Non-neuron
TCGATTTGTAGGAGTC_17	2639	510	NC17	GSM4775580	TCGATTTGTAGGAGTC_17	Excit	Glutamatergic	Glutamatergic	Glutamatergic	7775	67	GSM4775580	7414	0	L2/3-6 IT	0.279019668435451	L2/3-6 IT	Glutamatergic
TCCTTTCCACTACGGC_19	179	132	AD19	GSM4775570	TCCTTTCCACTACGGC_19	Endo	Endothelial	Vascular	Non-neuron	647	68	GSM4775570	7404	0	Endothelial	0.501862641652752	Vascular	Non-neuron
GTTAGTGTCATAGCAC_16	329	129	NC16	GSM4775579	GTTAGTGTCATAGCAC_16	Excit	Glutamatergic	Glutamatergic	Glutamatergic	784	69	GSM4775579	7413	0	Microglia	0.287047772063227	Microglia	Non-neuron
TACCGGGGTAGGCTCC_15	266	136	NC15	GSM4775578	TACCGGGGTAGGCTCC_15	Excit	Glutamatergic	Glutamatergic	Glutamatergic	785	70	GSM4775578	7412	0	SST	0.240706236834421	MGE	GABAergic
CAGCGTGCACGCGTGT_10	794	272	AD10	GSM4775568	CAGCGTGCACGCGTGT_10	Excit	Glutamatergic	Glutamatergic	Glutamatergic	2512	71	GSM4775568	7402	0	OPC	0.834555344063938	Oligodendrocyte lineage	Non-neuron
TCTTAGTGTCATATGC_1	156	100	AD1	GSM4775561	TCTTAGTGTCATATGC_1	Excit	Glutamatergic	Glutamatergic	Glutamatergic	581	72	GSM4775561	7395	0	PVALB	0.246586103039187	MGE	GABAergic
GTGTTCCAGTGAGTGC_8	229	110	AD8	GSM4775566	GTGTTCCAGTGAGTGC_8	Astro	Astrocyte	Astrocyte	Non-neuron	690	73	GSM4775566	7400	0	Astrocyte	0.652253746228622	Astrocyte	Non-neuron
GTCTAGATCGTCCTTG_20	1233	341	AD20	GSM4775571	GTCTAGATCGTCCTTG_20	Astro	Astrocyte	Astrocyte	Non-neuron	4025	74	GSM4775571	7405	0	Astrocyte	0.948482809239644	Astrocyte	Non-neuron
TGATGCAAGCAATAAC_18	4220	943	NC18	GSM4775581	TGATGCAAGCAATAAC_18	Endo	Endothelial	Vascular	Non-neuron	14617	75	GSM4775581	7415	0	Endothelial	0.522246250478523	Vascular	Non-neuron
TAACACGAGCCTTGAT_10	3287	632	AD10	GSM4775568	TAACACGAGCCTTGAT_10	Excit	Glutamatergic	Glutamatergic	Glutamatergic	9950	76	GSM4775568	7402	0	L2/3-6 IT	0.46215930209239	L2/3-6 IT	Glutamatergic
TCTACATCATTGACAC_9	410	204	AD9	GSM4775567	TCTACATCATTGACAC_9	Astro	Astrocyte	Astrocyte	Non-neuron	1437	77	GSM4775567	7401	0	Astrocyte	0.812248997039115	Astrocyte	Non-neuron
TACCTGCGTCGGATTT_16	146	99	NC16	GSM4775579	TACCTGCGTCGGATTT_16	Astro	Astrocyte	Astrocyte	Non-neuron	585	78	GSM4775579	7413	0	Astrocyte	0.6945771874035	Astrocyte	Non-neuron
CACAGGCCAAGCGCTC_21	1546	341	AD21	GSM4775572	CACAGGCCAAGCGCTC_21	Excit	Glutamatergic	Glutamatergic	Glutamatergic	3594	79	GSM4775572	7406	0	L5 ET	0.308786051275562	deep layer non-IT	Glutamatergic
CCTGCATAGTCTCCTC_20	748	269	AD20	GSM4775571	CCTGCATAGTCTCCTC_20	Astro	Astrocyte	Astrocyte	Non-neuron	2689	80	GSM4775571	7405	0	Astrocyte	0.7250685537377	Astrocyte	Non-neuron
CACATGAGTCTCAGAT_4	225	145	AD4	GSM4775563	CACATGAGTCTCAGAT_4	Astro	Astrocyte	Astrocyte	Non-neuron	663	81	GSM4775563	7397	0	Microglia	0.332717552582298	Microglia	Non-neuron
GTCCCATCACACGCCA_5	1886	455	AD5	GSM4775564	GTCCCATCACACGCCA_5	Excit	Glutamatergic	Glutamatergic	Glutamatergic	5950	82	GSM4775564	7398	0	L6 CT	0.393601081029964	deep layer non-IT	Glutamatergic
CATTCTACAAACTGCT_20	3068	525	AD20	GSM4775571	CATTCTACAAACTGCT_20	Excit	Glutamatergic	Glutamatergic	Glutamatergic	9456	83	GSM4775571	7405	0	L6 CT	0.425413924944262	deep layer non-IT	Glutamatergic
TGCTGAATCTGTTGGA_5	298	181	AD5	GSM4775564	TGCTGAATCTGTTGGA_5	Excit	Glutamatergic	Glutamatergic	Glutamatergic	1217	84	GSM4775564	7398	0	L5 6 NP	0.286267059819552	unknown	unknown
CCAAGCGGTCGTCAGC_17	3562	617	NC17	GSM4775580	CCAAGCGGTCGTCAGC_17	Excit	Glutamatergic	Glutamatergic	Glutamatergic	10688	85	GSM4775580	7414	0	L5 ET	0.352972331597235	deep layer non-IT	Glutamatergic
TTGCATTAGCCATGCC_19	1476	361	AD19	GSM4775570	TTGCATTAGCCATGCC_19	Excit	Glutamatergic	Glutamatergic	Glutamatergic	4381	86	GSM4775570	7404	0	OPC	0.892161728456367	Oligodendrocyte lineage	Non-neuron
CAGGCCACACCGTCGA_2	2174	485	AD2	GSM4775562	CAGGCCACACCGTCGA_2	Excit	Glutamatergic	Glutamatergic	Glutamatergic	6318	87	GSM4775562	7396	0	L2/3-6 IT	0.490963532364981	L2/3-6 IT	Glutamatergic
GAGACTTTCTTCCCAG_7	442	206	NC7	GSM4775574	GAGACTTTCTTCCCAG_7	Inhit	GABAergic	GABAergic	GABAergic	1457	88	GSM4775574	7408	0	LAMP5	0.477430082359301	CGE	GABAergic
CTCTCAGGTAGGGAGG_15	1526	430	NC15	GSM4775578	CTCTCAGGTAGGGAGG_15	Excit	Glutamatergic	Glutamatergic	Glutamatergic	5314	89	GSM4775578	7412	0	L6b	0.626246125580114	deep layer non-IT	Glutamatergic
GCTGGGTCACACAGAG_18	1397	342	NC18	GSM4775581	GCTGGGTCACACAGAG_18	Excit	Glutamatergic	Glutamatergic	Glutamatergic	3849	90	GSM4775581	7415	0	L6 CT	0.375345808950626	deep layer non-IT	Glutamatergic
GGAATGGAGTGATAGT_12	140	94	NC12	GSM4775576	GGAATGGAGTGATAGT_12	Inhit	GABAergic	GABAergic	GABAergic	517	91	GSM4775576	7410	0	SST	0.273992625907839	MGE	GABAergic
TGCAGTAAGTTACGGG_19	3622	542	AD19	GSM4775570	TGCAGTAAGTTACGGG_19	Excit	Glutamatergic	Glutamatergic	Glutamatergic	9318	92	GSM4775570	7404	0	L2/3-6 IT	0.487226389584235	L2/3-6 IT	Glutamatergic
AGGGCTCTCCCATGGG_17	838	300	NC17	GSM4775580	AGGGCTCTCCCATGGG_17	Oligo	Oligodendrocyte	Oligodendrocyte lineage	Non-neuron	2717	93	GSM4775580	7414	0	Oligodendrocyte	0.811084267641399	Oligodendrocyte lineage	Non-neuron
CTTCGGTTCATGGAGG_10	1181	378	AD10	GSM4775568	CTTCGGTTCATGGAGG_10	Excit	Glutamatergic	Glutamatergic	Glutamatergic	3939	94	GSM4775568	7402	0	L6 CT	0.364194239983569	deep layer non-IT	Glutamatergic
CTCATCGAGTGCCAGA_14	235	139	NC14	GSM4775577	CTCATCGAGTGCCAGA_14	Astro	Astrocyte	Astrocyte	Non-neuron	813	95	GSM4775577	7411	0	Astrocyte	0.631033628375791	Astrocyte	Non-neuron
TCATGTTCACACAGCC_18	5422	694	NC18	GSM4775581	TCATGTTCACACAGCC_18	Excit	Glutamatergic	Glutamatergic	Glutamatergic	16159	96	GSM4775581	7415	0	L2/3-6 IT	0.461616588520362	L2/3-6 IT	Glutamatergic
AGAAATGGTTGTAGCT_2	254	160	AD2	GSM4775562	AGAAATGGTTGTAGCT_2	Mic	Microglia	Microglia	Non-neuron	1147	97	GSM4775562	7396	0	Microglia	0.729528946305172	Microglia	Non-neuron
TGGTACAGTGTTACTG_18	253	127	NC18	GSM4775581	TGGTACAGTGTTACTG_18	Oligo	Oligodendrocyte	Oligodendrocyte lineage	Non-neuron	933	98	GSM4775581	7415	0	Oligodendrocyte	0.741159305998314	Oligodendrocyte lineage	Non-neuron
AGTACTGCATGCCATA_14	1225	373	NC14	GSM4775577	AGTACTGCATGCCATA_14	Astro	Astrocyte	Astrocyte	Non-neuron	4238	99	GSM4775577	7411	0	Astrocyte	0.963031232575436	Astrocyte	Non-neuron
