orig.ident	nCount_RNA	nFeature_RNA	cellid	case_num	Location	Condition	Cluster	Lineage	batch	subclass	class	family	nCounts_RNA	joinid	_scvi_batch	_scvi_labels	predicted_subclass	confidence	predicted_class	predicted_family
0	404	174	CCCAACTGTGGTGATG.1.H5263Cin	H5263Cin	Cingulate	HD	Glut_EYA1	Neuron	B3	Glutamatergic	Glutamatergic	Glutamatergic	1448	0	7396	0	L5 6 NP	0.476303117922128	unknown	unknown
0	310	149	AAAGTGATCAGACCGC.1.H5608Cin	H5608Cin	Cingulate	HD	Glut_THEMIS	Neuron	B3	L5 ET	deep layer non-IT	Glutamatergic	963	1	7396	0	L2/3-6 IT	0.517883864632951	L2/3-6 IT	Glutamatergic
0	314	156	GAGTTTGCACTAGTAC.1.H5608Cin	H5608Cin	Cingulate	HD	Glut_CUX2	Neuron	B3	L2/3-6 IT	L2/3-6 IT	Glutamatergic	879	2	7396	0	L2/3-6 IT	0.456878701072035	L2/3-6 IT	Glutamatergic
0	3919	566	TTTAGTCCATCATTGG.1.C5227Cin	C5227Cin	Cingulate	Con	Astro_4	Astrocyte	B3	Astrocyte	Astrocyte	Non-neuron	12404	3	7396	0	Astrocyte	0.605999542787664	Astrocyte	Non-neuron
0	349	147	TGACCCTGTTGACGGA.1.H5263Cin	H5263Cin	Cingulate	HD	Glut_CUX2	Neuron	B3	L2/3-6 IT	L2/3-6 IT	Glutamatergic	983	4	7396	0	Microglia	0.368617599602125	Microglia	Non-neuron
0	243	127	GTGTGATCAGATTTCG.1.H5263Cin	H5263Cin	Cingulate	HD	N_inh5_NPY	Neuron	B3	GABAergic	GABAergic	GABAergic	760	5	7396	0	SST	0.23832411138378	MGE	GABAergic
0	567	293	ATGTCCCGTCATATGC.1.H5286Cin	H5286Cin	Cingulate	HD	Ependymal_1	Ependymal	B3	Endothelial	Vascular	Non-neuron	2205	6	7396	0	L5 ET	0.249750828575781	deep layer non-IT	Glutamatergic
0	254	125	AAAGTGATCAGACCGC.1.H4161Cin	H4161Cin	Cingulate	HD	Glut_THEMIS	Neuron	B3	L5 ET	deep layer non-IT	Glutamatergic	806	7	7396	0	L6 CT	0.268795949016862	deep layer non-IT	Glutamatergic
0	1869	368	CAGTCCTTCCTCGCAT.1.5404	C5404Cin	Cingulate	Con	N_inh5_NPY	Neuron	B1	GABAergic	GABAergic	GABAergic	5013	8	7395	0	LAMP5	0.314968373749205	CGE	GABAergic
0	1354	323	GCACGGTTCTGCACCT.1.C5227Cin	C5227Cin	Cingulate	Con	oligo_4	Oligodendrocyte	B3	Oligodendrocyte	Oligodendrocyte lineage	Non-neuron	4512	9	7396	0	Oligodendrocyte	0.747434850643217	Oligodendrocyte lineage	Non-neuron
0	198	116	GGAACCCAGGTACCTT.1.H5263Cin	H5263Cin	Cingulate	HD	Glut_EYA1	Neuron	B3	Glutamatergic	Glutamatergic	Glutamatergic	678	10	7396	0	L5 6 NP	0.428402990922898	unknown	unknown
0	12720	938	TGTTCTAAGCGAAACC.1.C5700Cin	C5700Cin	Cingulate	Con	Glut_CTGF	Neuron	B3	Glutamatergic	Glutamatergic	Glutamatergic	40442	11	7396	0	L6 CT	0.511471439050533	deep layer non-IT	Glutamatergic
0	1467	493	TATCGCCTCACGATAC.1.H5286Cin	H5286Cin	Cingulate	HD	N_inh4	Neuron	B3	GABAergic	GABAergic	GABAergic	5537	12	7396	0	Astrocyte	0.790957020775501	Astrocyte	Non-neuron
0	174	102	ATTGTTCAGGGTAGCT.1.C5596Cin	C5596Cin	Cingulate	Con	N_inh4	Neuron	B3	GABAergic	GABAergic	GABAergic	639	13	7396	0	PVALB	0.380900396628283	MGE	GABAergic
0	219	115	TAGAGCTGTAAATGTG.1.5493	H5493Cin	Cingulate	HD	oligo_2	Oligodendrocyte	B1	Oligodendrocyte	Oligodendrocyte lineage	Non-neuron	783	14	7395	0	Oligodendrocyte	0.71167808452915	Oligodendrocyte lineage	Non-neuron
0	286	145	CACGTGGTCATCACCC.1.C5227Cin	C5227Cin	Cingulate	Con	Glut_RORB	Neuron	B3	L2/3-6 IT	L2/3-6 IT	Glutamatergic	1001	15	7396	0	SST	0.458096728764967	MGE	GABAergic
0	2478	437	ATTACTCTCAGGACAG.1.H5263Cin	H5263Cin	Cingulate	HD	oligo_5	OPC	B3	OPC	Oligodendrocyte lineage	Non-neuron	7722	16	7396	0	OPC	0.833729738540014	Oligodendrocyte lineage	Non-neuron
0	328	188	CGGGCATTCCCATTCG.1.C5700Cin	C5700Cin	Cingulate	Con	Ependymal_2	Ependymal	B3	Endothelial	Vascular	Non-neuron	1315	17	7396	0	Astrocyte	0.717100679143344	Astrocyte	Non-neuron
0	180	107	GTACAACAGACGATAT.1.C5227Cin	C5227Cin	Cingulate	Con	N_inh4	Neuron	B3	GABAergic	GABAergic	GABAergic	642	18	7396	0	L2/3-6 IT	0.408059416768437	L2/3-6 IT	Glutamatergic
0	8650	791	TTCTGTAGTAAGACCG.1.H5109Cin	H5109Cin	Cingulate	HD	GABA_CCK	Neuron	B3	GABAergic	GABAergic	GABAergic	27514	19	7396	0	VIP	0.535286534956126	CGE	GABAergic
0	444	209	ACTATGGCATGACTGT.1.H5608Cin	H5608Cin	Cingulate	HD	N_inh4	Neuron	B3	GABAergic	GABAergic	GABAergic	1492	20	7396	0	L5 6 NP	0.377904937969251	unknown	unknown
0	1137	328	TAGGGTTAGGGACACT.1.H5608Cin	H5608Cin	Cingulate	HD	oligo_3	Oligodendrocyte	B3	Oligodendrocyte	Oligodendrocyte lineage	Non-neuron	4214	21	7396	0	Oligodendrocyte	0.769608664335826	Oligodendrocyte lineage	Non-neuron
0	2977	523	TCGATTTCAGGACTAG.1.C5700Cin	C5700Cin	Cingulate	Con	Astro_4	Astrocyte	B3	Astrocyte	Astrocyte	Non-neuron	10289	22	7396	0	Astrocyte	0.663609344564572	Astrocyte	Non-neuron
0	289	143	CGGACACTCCTACAAG.1.H5608Cin	H5608Cin	Cingulate	HD	Glut_EYA1	Neuron	B3	Glutamatergic	Glutamatergic	Glutamatergic	875	23	7396	0	L5 6 NP	0.553117198942398	unknown	unknown
0	556	234	TCGAACAAGCACCGAA.1.H5286Cin	H5286Cin	Cingulate	HD	Glut_EYA1	Neuron	B3	Glutamatergic	Glutamatergic	Glutamatergic	1877	24	7396	0	L6b	0.303103864609205	deep layer non-IT	Glutamatergic
0	184	103	CATACTTCACCGTCGA.1.H5263Cin	H5263Cin	Cingulate	HD	N_inh4	Neuron	B3	GABAergic	GABAergic	GABAergic	679	25	7396	0	Microglia	0.297726449001947	Microglia	Non-neuron
0	347	148	TACCCGTCAATTAGGA.1.H5286Cin	H5286Cin	Cingulate	HD	N_inh5_NPY	Neuron	B3	GABAergic	GABAergic	GABAergic	983	26	7396	0	VIP	0.380452248186431	CGE	GABAergic
0	431	198	ACTTCCGGTGTTGCCG.1.H5263Cin	H5263Cin	Cingulate	HD	Glut_RORB	Neuron	B3	L2/3-6 IT	L2/3-6 IT	Glutamatergic	1285	27	7396	0	L2/3-6 IT	0.3653103147226	L2/3-6 IT	Glutamatergic
0	340	177	TATATCCTCGTTATCT.1.C5700Cin	C5700Cin	Cingulate	Con	Glut_EYA1	Neuron	B3	Glutamatergic	Glutamatergic	Glutamatergic	1055	28	7396	0	L5 6 NP	0.382232751014442	unknown	unknown
0	1346	369	GTGGTTAGTTCTTCAT.1.C5700Cin	C5700Cin	Cingulate	Con	oligo_4	Oligodendrocyte	B3	Oligodendrocyte	Oligodendrocyte lineage	Non-neuron	4971	29	7396	0	Oligodendrocyte	0.78423789518282	Oligodendrocyte lineage	Non-neuron
0	743	244	AGCGCTGCAAGAGCTG.1.H5608Cin	H5608Cin	Cingulate	HD	Glut_RORB	Neuron	B3	L2/3-6 IT	L2/3-6 IT	Glutamatergic	2190	30	7396	0	L6 CT	0.491343463510918	deep layer non-IT	Glutamatergic
0	207	131	TCAGCAACAACAGAGC.1.H4161Cin	H4161Cin	Cingulate	HD	N_inh5_NPY	Neuron	B3	GABAergic	GABAergic	GABAergic	678	31	7396	0	SST	0.627294401390637	MGE	GABAergic
0	182	104	ATCGCCTGTTGCGGAA.1.H5608Cin	H5608Cin	Cingulate	HD	N_inh4	Neuron	B3	GABAergic	GABAergic	GABAergic	535	32	7396	0	Microglia	0.37743904769817	Microglia	Non-neuron
0	252	142	TTCTGTAGTTCGGCTG.1.C5227Cin	C5227Cin	Cingulate	Con	Glut_EYA1	Neuron	B3	Glutamatergic	Glutamatergic	Glutamatergic	799	33	7396	0	L6b	0.520070455494312	deep layer non-IT	Glutamatergic
0	731	249	GGACGTCTCGGAATGG.1.C5227Cin	C5227Cin	Cingulate	Con	Microglia_1	Microglia	B3	Microglia	Microglia	Non-neuron	3653	34	7396	0	Microglia	0.783343396106972	Microglia	Non-neuron
0	145	92	TGTAACGTCCCTTGGT.1.H4161Cin	H4161Cin	Cingulate	HD	N_inh4	Neuron	B3	GABAergic	GABAergic	GABAergic	487	35	7396	0	Microglia	0.3160096292438	Microglia	Non-neuron
0	318	140	TGGGCGTAGAATTCCC.1.5493	H5493Cin	Cingulate	HD	oligo_3	Oligodendrocyte	B1	Oligodendrocyte	Oligodendrocyte lineage	Non-neuron	1059	36	7395	0	Oligodendrocyte	0.680489072070301	Oligodendrocyte lineage	Non-neuron
0	308	152	CGTGCTTCACGCTGTG.1.H5286Cin	H5286Cin	Cingulate	HD	Glut_THEMIS	Neuron	B3	L5 ET	deep layer non-IT	Glutamatergic	942	37	7396	0	L6 CT	0.499313284229042	deep layer non-IT	Glutamatergic
0	14273	1001	TTAATCCTCCGAACGC.1.C5596Cin	C5596Cin	Cingulate	Con	Glut_CTGF	Neuron	B3	Glutamatergic	Glutamatergic	Glutamatergic	46626	38	7396	0	L6 CT	0.520178734623205	deep layer non-IT	Glutamatergic
0	256	136	TCAGTCCGTTACACTG.1.H5109Cin	H5109Cin	Cingulate	HD	Glut_CUX2	Neuron	B3	L2/3-6 IT	L2/3-6 IT	Glutamatergic	734	39	7396	0	L2/3-6 IT	0.429885537805303	L2/3-6 IT	Glutamatergic
0	1240	387	TTTCCTCAGATGAGAG.1.5493	H5493Cin	Cingulate	HD	Glut_GUCY1B3	Neuron	B1	Glutamatergic	Glutamatergic	Glutamatergic	5265	40	7395	0	LAMP5	0.230713313616516	CGE	GABAergic
0	172	101	ATAGGCTTCGAGCCAC.1.H5608Cin	H5608Cin	Cingulate	HD	N_inh5_NPY	Neuron	B3	GABAergic	GABAergic	GABAergic	607	41	7396	0	SST	0.451005723524909	MGE	GABAergic
0	5222	585	CATAGACCACTCAAGT.1.H5109Cin	H5109Cin	Cingulate	HD	Astro_4	Astrocyte	B3	Astrocyte	Astrocyte	Non-neuron	14507	42	7396	0	Astrocyte	0.707143371861392	Astrocyte	Non-neuron
0	145	95	AATGCCATCATGTCAG.1.C5596Cin	C5596Cin	Cingulate	Con	Glut_CUX2	Neuron	B3	L2/3-6 IT	L2/3-6 IT	Glutamatergic	423	43	7396	0	L6 CT	0.383599365856867	deep layer non-IT	Glutamatergic
0	185	123	TTTGGAGTCCGTGTCT.1.H4161Cin	H4161Cin	Cingulate	HD	Glut_RORB	Neuron	B3	L2/3-6 IT	L2/3-6 IT	Glutamatergic	601	44	7396	0	L5 6 NP	0.665483780810383	unknown	unknown
0	210	121	AAGTACCGTGATACCT.1.H5608Cin	H5608Cin	Cingulate	HD	N_inh4	Neuron	B3	GABAergic	GABAergic	GABAergic	727	45	7396	0	OPC	0.365909684857081	Oligodendrocyte lineage	Non-neuron
0	312	155	GGAATCTTCGAGGCAA.1.H4161Cin	H4161Cin	Cingulate	HD	Glut_THEMIS	Neuron	B3	L5 ET	deep layer non-IT	Glutamatergic	964	46	7396	0	L2/3-6 IT	0.497043477146172	L2/3-6 IT	Glutamatergic
0	175	103	GACGTTATCTCGAACA.1.C5227Cin	C5227Cin	Cingulate	Con	oligo_6	OPC	B3	Oligodendrocyte	Oligodendrocyte lineage	Non-neuron	573	47	7396	0	OPC	0.620278453963933	Oligodendrocyte lineage	Non-neuron
0	173	101	AAGGAGCTCGTTTATC.1.5493	H5493Cin	Cingulate	HD	oligo_3	Oligodendrocyte	B1	Oligodendrocyte	Oligodendrocyte lineage	Non-neuron	637	48	7395	0	Oligodendrocyte	0.732658835693386	Oligodendrocyte lineage	Non-neuron
0	12704	1191	TCTCTGGAGCGTTCCG.1.C5700Cin	C5700Cin	Cingulate	Con	Glut_NWD2	Neuron	B3	Glutamatergic	Glutamatergic	Glutamatergic	43506	49	7396	0	L2/3-6 IT	0.334134306525247	L2/3-6 IT	Glutamatergic
0	678	141	AGCGTATTCATGCATG.1.5575	H5575Cin	Cingulate	HD	oligo_1	Oligodendrocyte	B1	Oligodendrocyte	Oligodendrocyte lineage	Non-neuron	1502	50	7395	0	Oligodendrocyte	0.721344618223934	Oligodendrocyte lineage	Non-neuron
0	4408	638	ATCGTAGCATCACGGC.1.H5109Cin	H5109Cin	Cingulate	HD	Astro_4	Astrocyte	B3	Astrocyte	Astrocyte	Non-neuron	14480	51	7396	0	Astrocyte	0.690130375503582	Astrocyte	Non-neuron
0	425	188	ATCCGTCTCTGGCTGG.1.H5286Cin	H5286Cin	Cingulate	HD	Glut_CUX2	Neuron	B3	L2/3-6 IT	L2/3-6 IT	Glutamatergic	1324	52	7396	0	L2/3-6 IT	0.586413673774193	L2/3-6 IT	Glutamatergic
0	524	215	CTGAGGCTCGCGGTAC.1.H5286Cin	H5286Cin	Cingulate	HD	Glut_THEMIS	Neuron	B3	L5 ET	deep layer non-IT	Glutamatergic	1581	53	7396	0	L6b	0.340283946211766	deep layer non-IT	Glutamatergic
0	117	86	CCTCATGTCACGGAGA.1.H4161Cin	H4161Cin	Cingulate	HD	N_inh5_NPY	Neuron	B3	GABAergic	GABAergic	GABAergic	412	54	7396	0	Microglia	0.484049907215544	Microglia	Non-neuron
0	242	103	AAGCCGCTCGTCACGG.1.5575	H5575Cin	Cingulate	HD	oligo_1	Oligodendrocyte	B1	Oligodendrocyte	Oligodendrocyte lineage	Non-neuron	752	55	7395	0	Oligodendrocyte	0.654075634492555	Oligodendrocyte lineage	Non-neuron
0	1648	359	GTCATGAAGCTGGTGA.1.H5286Cin	H5286Cin	Cingulate	HD	Glut_RORB	Neuron	B3	L2/3-6 IT	L2/3-6 IT	Glutamatergic	5035	56	7396	0	L6 CT	0.462059586539293	deep layer non-IT	Glutamatergic
0	2277	431	CTCATTACACCATTCC.1.H5109Cin	H5109Cin	Cingulate	HD	oligo_2	Oligodendrocyte	B3	Oligodendrocyte	Oligodendrocyte lineage	Non-neuron	9898	57	7396	0	Oligodendrocyte	0.767755612080257	Oligodendrocyte lineage	Non-neuron
0	160	94	GTCGAATTCCTACCGT.1.H5109Cin	H5109Cin	Cingulate	HD	N_inh4	Neuron	B3	GABAergic	GABAergic	GABAergic	502	58	7396	0	SST	0.390487566695389	MGE	GABAergic
0	1236	343	GTGGCGTCACGTAGAG.1.C5700Cin	C5700Cin	Cingulate	Con	Astro_4	Astrocyte	B3	Astrocyte	Astrocyte	Non-neuron	4261	59	7396	0	Astrocyte	0.771634903157208	Astrocyte	Non-neuron
0	167	106	GCAACATAGCTGGCCT.1.H5608Cin	H5608Cin	Cingulate	HD	N_inh5_NPY	Neuron	B3	GABAergic	GABAergic	GABAergic	560	60	7396	0	Chandelier	0.465774194256984	MGE	GABAergic
0	194	114	TGTCCTGGTTGGGCCT.1.C5596Cin	C5596Cin	Cingulate	Con	N_inh4	Neuron	B3	GABAergic	GABAergic	GABAergic	578	61	7396	0	SST	0.436997029657943	MGE	GABAergic
0	179	109	GGTCTGGAGCTAGTTC.1.H5263Cin	H5263Cin	Cingulate	HD	Glut_THEMIS	Neuron	B3	L5 ET	deep layer non-IT	Glutamatergic	554	62	7396	0	L2/3-6 IT	0.60879315083727	L2/3-6 IT	Glutamatergic
0	2179	523	TTTACTGAGCTTCTAG.1.C5596Cin	C5596Cin	Cingulate	Con	Glut_NWD2	Neuron	B3	Glutamatergic	Glutamatergic	Glutamatergic	8024	63	7396	0	L2/3-6 IT	0.485813811133869	L2/3-6 IT	Glutamatergic
0	3399	631	TCCGATCTCAAACCTG.1.C5227Cin	C5227Cin	Cingulate	Con	oligo_5	OPC	B3	OPC	Oligodendrocyte lineage	Non-neuron	12902	64	7396	0	OPC	0.804123839758248	Oligodendrocyte lineage	Non-neuron
0	476	196	GCAGTTATCAACACCA.1.5404	C5404Cin	Cingulate	Con	Astro_4	Astrocyte	B1	Astrocyte	Astrocyte	Non-neuron	1618	65	7395	0	Astrocyte	0.766126684017811	Astrocyte	Non-neuron
0	399	165	TATTTCGCACCTATCC.1.H5608Cin	H5608Cin	Cingulate	HD	Glut_SEMA3E	Neuron	B3	L5 ET	deep layer non-IT	Glutamatergic	1151	66	7396	0	L6 CT	0.661131602226524	deep layer non-IT	Glutamatergic
0	232	128	CAGCACGGTCAGCTTA.1.C5700Cin	C5700Cin	Cingulate	Con	Glut_CUX2	Neuron	B3	L2/3-6 IT	L2/3-6 IT	Glutamatergic	712	67	7396	0	L6 CT	0.390475240612721	deep layer non-IT	Glutamatergic
0	322	140	ACTTCCGGTATCAAGA.1.H5263Cin	H5263Cin	Cingulate	HD	N_inh4	Neuron	B3	GABAergic	GABAergic	GABAergic	1013	68	7396	0	L5 6 NP	0.56055526416114	unknown	unknown
0	189	112	CAGCACGGTACGATTC.1.H5109Cin	H5109Cin	Cingulate	HD	N_inh4	Neuron	B3	GABAergic	GABAergic	GABAergic	557	69	7396	0	L5 6 NP	0.364535857614783	unknown	unknown
0	93	68	ATTCGTTAGTGCAAAT.1.H4161Cin	H4161Cin	Cingulate	HD	N_inh4	Neuron	B3	GABAergic	GABAergic	GABAergic	349	70	7396	0	L5 6 NP	0.702428962329834	unknown	unknown
0	7123	761	GGTTAACGTTGTCAGT.1.C5700Cin	C5700Cin	Cingulate	Con	Glut_CTGF	Neuron	B3	Glutamatergic	Glutamatergic	Glutamatergic	23629	71	7396	0	L6 CT	0.518556038877758	deep layer non-IT	Glutamatergic
0	762	166	TATCTCAGTGCACTTA.1.5493	H5493Cin	Cingulate	HD	Astro_4	Astrocyte	B1	Astrocyte	Astrocyte	Non-neuron	1564	72	7395	0	Astrocyte	0.673680851367003	Astrocyte	Non-neuron
0	270	140	CAATGACTCCGACATA.1.H5263Cin	H5263Cin	Cingulate	HD	Glut_CUX2	Neuron	B3	L2/3-6 IT	L2/3-6 IT	Glutamatergic	795	73	7396	0	L5 ET	0.396663372132977	deep layer non-IT	Glutamatergic
0	319	148	GCAGCCATCCGTGTAA.1.H4161Cin	H4161Cin	Cingulate	HD	Glut_CUX2	Neuron	B3	L2/3-6 IT	L2/3-6 IT	Glutamatergic	930	74	7396	0	L6 CT	0.527414038570033	deep layer non-IT	Glutamatergic
0	496	201	CTTCGGTGTATACCTG.1.H5286Cin	H5286Cin	Cingulate	HD	Glut_SEMA3E	Neuron	B3	L5 ET	deep layer non-IT	Glutamatergic	1466	75	7396	0	L6 CT	0.516400758080765	deep layer non-IT	Glutamatergic
0	149	94	CATGCAACAGGTACGA.1.H5263Cin	H5263Cin	Cingulate	HD	Glut_EYA1	Neuron	B3	Glutamatergic	Glutamatergic	Glutamatergic	542	76	7396	0	Microglia	0.402701981824553	Microglia	Non-neuron
0	367	172	TGTGTTTAGTCTCAAC.1.5404	C5404Cin	Cingulate	Con	oligo_1	Oligodendrocyte	B1	Oligodendrocyte	Oligodendrocyte lineage	Non-neuron	1377	77	7395	0	Oligodendrocyte	0.695470410952498	Oligodendrocyte lineage	Non-neuron
0	364	160	TGCACGGTCACCGGGT.1.H5286Cin	H5286Cin	Cingulate	HD	Glut_EYA1	Neuron	B3	Glutamatergic	Glutamatergic	Glutamatergic	1178	78	7396	0	L5 6 NP	0.285289473656608	unknown	unknown
0	164	118	CGTCAGGAGAAGGTGA.1.5404	C5404Cin	Cingulate	Con	Glut_GUCY1B3	Neuron	B1	Glutamatergic	Glutamatergic	Glutamatergic	717	79	7395	0	LAMP5	0.323579903258897	CGE	GABAergic
0	211	127	TTCTGTACATTCACAG.1.C5700Cin	C5700Cin	Cingulate	Con	N_inh4	Neuron	B3	GABAergic	GABAergic	GABAergic	618	80	7396	0	L5 ET	0.35501056491862	deep layer non-IT	Glutamatergic
0	291	163	CACACAAGTTATCACG.1.5404	C5404Cin	Cingulate	Con	Microglia_1	Microglia	B1	Microglia	Microglia	Non-neuron	1114	81	7395	0	LAMP5	0.242106741144081	CGE	GABAergic
0	137	97	AGTAGTCCAACAACAA.1.H5263Cin	H5263Cin	Cingulate	HD	N_inh5_NPY	Neuron	B3	GABAergic	GABAergic	GABAergic	543	82	7396	0	SST	0.562899976204514	MGE	GABAergic
0	526	271	CATGCTCTCAGCCTCT.1.H5286Cin	H5286Cin	Cingulate	HD	Ependymal_2	Ependymal	B3	Endothelial	Vascular	Non-neuron	2261	83	7396	0	Astrocyte	0.754261090069127	Astrocyte	Non-neuron
0	298	134	GCACATAAGGCTCACC.1.H5263Cin	H5263Cin	Cingulate	HD	N_inh4	Neuron	B3	GABAergic	GABAergic	GABAergic	973	84	7396	0	VIP	0.273929361111602	CGE	GABAergic
0	1915	473	AACTCTTGTAACGTTC.1.5493	H5493Cin	Cingulate	HD	Glut_GUCY1B3	Neuron	B1	Glutamatergic	Glutamatergic	Glutamatergic	6419	85	7395	0	LAMP5	0.250723619821306	CGE	GABAergic
0	377	175	CAGGCCACAATGTTGC.1.H5286Cin	H5286Cin	Cingulate	HD	Glut_RORB	Neuron	B3	L2/3-6 IT	L2/3-6 IT	Glutamatergic	1088	86	7396	0	L6 CT	0.529514869004799	deep layer non-IT	Glutamatergic
